2026/10/09 23:09:16.009, P8, 210 MHz, 405 MHz, 7 %, 24.01 W
2026/10/09 23:09:16.117, P8, 210 MHz, 405 MHz, 7 %, 24.01 W
2026/10/09 23:09:16.227, P8, 210 MHz, 405 MHz, 7 %, 24.01 W
2026/10/09 23:09:16.337, P8, 210 MHz, 405 MHz, 4 %, 23.94 W
2026/10/09 23:09:16.444, P8, 210 MHz, 405 MHz, 4 %, 23.94 W
2026/10/09 23:09:16.553, P8, 210 MHz, 405 MHz, 4 %, 23.94 W
2026/10/09 23:09:16.664, P8, 210 MHz, 405 MHz, 4 %, 23.94 W
2026/10/09 23:09:16.774, P8, 210 MHz, 405 MHz, 8 %, 23.91 W
2026/10/09 23:09:16.881, P8, 210 MHz, 405 MHz, 8 %, 23.91 W
2026/10/09 23:09:16.990, P8, 210 MHz, 405 MHz, 8 %, 23.91 W
2026/10/09 23:09:17.099, P8, 210 MHz, 405 MHz, 8 %, 23.91 W
2026/10/09 23:09:17.210, P8, 210 MHz, 405 MHz, 8 %, 23.91 W
2026/10/09 23:09:17.317, P8, 210 MHz, 405 MHz, 4 %, 23.86 W
2026/10/09 23:09:17.426, P8, 210 MHz, 405 MHz, 4 %, 23.86 W
2026/10/09 23:09:17.539, P8, 210 MHz, 405 MHz, 4 %, 23.86 W
2026/10/09 23:09:17.644, P8, 210 MHz, 405 MHz, 4 %, 23.86 W
2026/10/09 23:09:17.753, P8, 210 MHz, 405 MHz, 7 %, 23.92 W
2026/10/09 23:09:17.862, P8, 210 MHz, 405 MHz, 7 %, 23.92 W
2026/10/09 23:09:17.971, P8, 210 MHz, 405 MHz, 7 %, 23.92 W
2026/10/09 23:09:18.079, P8, 210 MHz, 405 MHz, 7 %, 23.92 W
2026/10/09 23:09:18.188, P8, 210 MHz, 405 MHz, 7 %, 23.92 W
2026/10/09 23:09:18.297, P8, 210 MHz, 405 MHz, 5 %, 23.90 W
2026/10/09 23:09:18.407, P8, 210 MHz, 405 MHz, 5 %, 23.90 W
2026/10/09 23:09:18.516, P8, 210 MHz, 405 MHz, 5 %, 23.90 W
2026/10/09 23:09:18.625, P8, 210 MHz, 405 MHz, 5 %, 23.90 W
2026/10/09 23:09:18.735, P8, 210 MHz, 405 MHz, 5 %, 23.90 W
2026/10/09 23:09:18.844, P8, 210 MHz, 405 MHz, 7 %, 23.85 W
2026/10/09 23:09:18.952, P8, 210 MHz, 405 MHz, 7 %, 23.85 W
2026/10/09 23:09:19.060, P8, 210 MHz, 405 MHz, 7 %, 23.85 W
2026/10/09 23:09:19.168, P8, 210 MHz, 405 MHz, 7 %, 23.85 W
2026/10/09 23:09:19.276, P8, 210 MHz, 405 MHz, 7 %, 23.91 W
2026/10/09 23:09:19.384, P8, 210 MHz, 405 MHz, 7 %, 23.91 W
2026/10/09 23:09:19.493, P8, 210 MHz, 405 MHz, 7 %, 23.91 W
2026/10/09 23:09:19.602, P8, 210 MHz, 405 MHz, 7 %, 23.91 W
2026/10/09 23:09:19.712, P8, 210 MHz, 405 MHz, 7 %, 23.91 W
2026/10/09 23:09:19.822, P8, 210 MHz, 405 MHz, 17 %, 23.99 W
2026/10/09 23:09:19.931, P8, 210 MHz, 405 MHz, 17 %, 23.99 W
2026/10/09 23:09:20.040, P8, 210 MHz, 405 MHz, 17 %, 23.99 W
2026/10/09 23:09:20.149, P8, 210 MHz, 405 MHz, 17 %, 23.99 W
2026/10/09 23:09:20.257, P8, 210 MHz, 405 MHz, 9 %, 23.99 W
2026/10/09 23:09:20.366, P8, 210 MHz, 405 MHz, 9 %, 23.99 W
2026/10/09 23:09:20.475, P8, 210 MHz, 405 MHz, 9 %, 23.99 W
2026/10/09 23:09:20.585, P8, 210 MHz, 405 MHz, 9 %, 23.99 W
2026/10/09 23:09:20.692, P8, 210 MHz, 405 MHz, 9 %, 23.99 W
2026/10/09 23:09:20.802, P8, 210 MHz, 405 MHz, 7 %, 24.09 W
2026/10/09 23:09:20.931, P8, 210 MHz, 405 MHz, 7 %, 24.09 W
2026/10/09 23:09:21.052, P8, 210 MHz, 405 MHz, 7 %, 24.09 W
2026/10/09 23:09:21.162, P8, 210 MHz, 405 MHz, 7 %, 24.09 W
2026/10/09 23:09:21.270, P8, 375 MHz, 405 MHz, 99 %, 26.17 W
2026/10/09 23:09:21.380, P8, 375 MHz, 405 MHz, 99 %, 26.17 W
2026/10/09 23:09:21.489, P8, 375 MHz, 405 MHz, 99 %, 26.17 W
2026/10/09 23:09:21.599, P8, 375 MHz, 405 MHz, 99 %, 26.17 W
2026/10/09 23:09:21.707, P8, 375 MHz, 405 MHz, 99 %, 26.17 W
2026/10/09 23:09:21.817, P5, 630 MHz, 810 MHz, 55 %, 29.58 W
2026/10/09 23:09:21.926, P5, 630 MHz, 810 MHz, 55 %, 29.58 W
2026/10/09 23:09:22.033, P5, 630 MHz, 810 MHz, 55 %, 29.58 W
2026/10/09 23:09:22.142, P5, 630 MHz, 810 MHz, 55 %, 29.58 W
2026/10/09 23:09:22.250, P5, 795 MHz, 810 MHz, 31 %, 30.62 W
2026/10/09 23:09:22.359, P5, 795 MHz, 810 MHz, 31 %, 30.62 W
2026/10/09 23:09:22.468, P5, 795 MHz, 810 MHz, 31 %, 30.62 W
2026/10/09 23:09:22.576, P5, 795 MHz, 810 MHz, 31 %, 30.62 W
2026/10/09 23:09:22.686, P5, 795 MHz, 810 MHz, 31 %, 30.62 W
2026/10/09 23:09:22.796, P3, 1215 MHz, 5001 MHz, 13 %, 32.18 W
2026/10/09 23:09:22.905, P3, 1215 MHz, 5001 MHz, 13 %, 32.18 W
2026/10/09 23:09:23.014, P3, 1215 MHz, 5001 MHz, 13 %, 32.18 W
2026/10/09 23:09:23.122, P3, 1215 MHz, 5001 MHz, 13 %, 32.18 W
2026/10/09 23:09:23.231, P3, 1215 MHz, 5001 MHz, 13 %, 32.18 W
2026/10/09 23:09:23.338, P3, 1215 MHz, 5001 MHz, 18 %, 37.46 W
2026/10/09 23:09:23.445, P3, 1215 MHz, 5001 MHz, 18 %, 37.46 W
2026/10/09 23:09:23.553, P3, 1215 MHz, 5001 MHz, 18 %, 37.46 W
2026/10/09 23:09:23.662, P3, 1215 MHz, 5001 MHz, 18 %, 37.46 W
2026/10/09 23:09:23.770, P3, 1215 MHz, 5001 MHz, 16 %, 42.27 W
2026/10/09 23:09:23.879, P3, 1215 MHz, 5001 MHz, 16 %, 42.27 W
2026/10/09 23:09:23.986, P3, 1215 MHz, 5001 MHz, 16 %, 42.27 W
2026/10/09 23:09:24.095, P3, 1215 MHz, 5001 MHz, 16 %, 42.27 W
2026/10/09 23:09:24.206, P3, 1215 MHz, 5001 MHz, 16 %, 42.27 W
2026/10/09 23:09:24.312, P3, 1215 MHz, 5001 MHz, 14 %, 42.56 W
2026/10/09 23:09:24.419, P3, 1215 MHz, 5001 MHz, 14 %, 42.56 W
2026/10/09 23:09:24.527, P3, 1215 MHz, 5001 MHz, 14 %, 42.56 W
2026/10/09 23:09:24.637, P3, 1215 MHz, 5001 MHz, 14 %, 42.56 W
2026/10/09 23:09:24.747, P3, 555 MHz, 5001 MHz, 27 %, 40.24 W
2026/10/09 23:09:24.854, P3, 555 MHz, 5001 MHz, 27 %, 40.24 W
2026/10/09 23:09:24.963, P3, 555 MHz, 5001 MHz, 27 %, 40.24 W
2026/10/09 23:09:25.073, P3, 555 MHz, 5001 MHz, 27 %, 40.24 W
2026/10/09 23:09:25.180, P3, 555 MHz, 5001 MHz, 27 %, 40.24 W
2026/10/09 23:09:25.288, P3, 510 MHz, 5001 MHz, 18 %, 39.34 W
2026/10/09 23:09:25.396, P3, 510 MHz, 5001 MHz, 18 %, 39.34 W
2026/10/09 23:09:25.506, P3, 510 MHz, 5001 MHz, 18 %, 39.34 W
2026/10/09 23:09:25.613, P3, 510 MHz, 5001 MHz, 18 %, 39.34 W
2026/10/09 23:09:25.721, P3, 510 MHz, 5001 MHz, 18 %, 39.34 W
2026/10/09 23:09:25.829, P3, 450 MHz, 5001 MHz, 18 %, 40.88 W
2026/10/09 23:09:25.938, P3, 450 MHz, 5001 MHz, 18 %, 40.88 W
2026/10/09 23:09:26.049, P3, 450 MHz, 5001 MHz, 18 %, 40.88 W
2026/10/09 23:09:26.158, P3, 450 MHz, 5001 MHz, 18 %, 40.88 W
2026/10/09 23:09:26.268, P5, 405 MHz, 810 MHz, 31 %, 36.57 W
2026/10/09 23:09:26.377, P5, 405 MHz, 810 MHz, 31 %, 36.57 W
2026/10/09 23:09:26.486, P5, 405 MHz, 810 MHz, 31 %, 36.57 W
2026/10/09 23:09:26.595, P5, 405 MHz, 810 MHz, 31 %, 36.57 W
2026/10/09 23:09:26.705, P5, 405 MHz, 810 MHz, 31 %, 36.57 W
2026/10/09 23:09:26.813, P5, 435 MHz, 810 MHz, 60 %, 30.87 W
2026/10/09 23:09:26.921, P5, 435 MHz, 810 MHz, 60 %, 30.87 W
2026/10/09 23:09:27.030, P5, 435 MHz, 810 MHz, 60 %, 30.87 W
2026/10/09 23:09:27.138, P5, 435 MHz, 810 MHz, 60 %, 30.87 W
2026/10/09 23:09:27.249, P5, 570 MHz, 810 MHz, 39 %, 31.15 W
2026/10/09 23:09:27.358, P5, 570 MHz, 810 MHz, 39 %, 31.15 W
2026/10/09 23:09:27.467, P5, 570 MHz, 810 MHz, 39 %, 31.15 W
2026/10/09 23:09:27.575, P5, 570 MHz, 810 MHz, 39 %, 31.15 W
2026/10/09 23:09:27.683, P5, 570 MHz, 810 MHz, 39 %, 31.15 W
2026/10/09 23:09:27.793, P5, 705 MHz, 810 MHz, 42 %, 31.82 W
2026/10/09 23:09:27.901, P5, 705 MHz, 810 MHz, 42 %, 31.82 W
2026/10/09 23:09:28.009, P5, 705 MHz, 810 MHz, 42 %, 31.82 W
2026/10/09 23:09:28.119, P5, 705 MHz, 810 MHz, 42 %, 31.82 W
2026/10/09 23:09:28.227, P5, 705 MHz, 810 MHz, 42 %, 31.82 W
2026/10/09 23:09:28.337, P5, 885 MHz, 810 MHz, 12 %, 31.36 W
2026/10/09 23:09:28.446, P5, 885 MHz, 810 MHz, 12 %, 31.36 W
2026/10/09 23:09:28.553, P5, 885 MHz, 810 MHz, 12 %, 31.36 W
2026/10/09 23:09:28.662, P5, 885 MHz, 810 MHz, 12 %, 31.36 W
2026/10/09 23:09:28.771, P5, 945 MHz, 810 MHz, 44 %, 31.92 W
2026/10/09 23:09:28.880, P5, 945 MHz, 810 MHz, 44 %, 31.92 W
2026/10/09 23:09:28.986, P5, 945 MHz, 810 MHz, 44 %, 31.92 W
2026/10/09 23:09:29.096, P5, 945 MHz, 810 MHz, 44 %, 31.92 W
2026/10/09 23:09:29.203, P5, 945 MHz, 810 MHz, 44 %, 31.92 W
2026/10/09 23:09:29.315, P5, 1020 MHz, 810 MHz, 38 %, 32.32 W
2026/10/09 23:09:29.425, P5, 1020 MHz, 810 MHz, 38 %, 32.32 W
2026/10/09 23:09:29.534, P5, 1020 MHz, 810 MHz, 38 %, 32.32 W
2026/10/09 23:09:29.645, P5, 1020 MHz, 810 MHz, 38 %, 32.32 W
2026/10/09 23:09:29.753, P3, 1125 MHz, 5001 MHz, 17 %, 35.38 W
2026/10/09 23:09:29.862, P3, 1125 MHz, 5001 MHz, 17 %, 35.38 W
2026/10/09 23:09:29.971, P3, 1125 MHz, 5001 MHz, 17 %, 35.38 W
2026/10/09 23:09:30.081, P3, 1125 MHz, 5001 MHz, 17 %, 35.38 W
2026/10/09 23:09:30.189, P3, 1125 MHz, 5001 MHz, 17 %, 35.38 W
2026/10/09 23:09:30.297, P3, 1125 MHz, 5001 MHz, 16 %, 39.80 W
2026/10/09 23:09:30.406, P3, 1125 MHz, 5001 MHz, 16 %, 39.80 W
2026/10/09 23:09:30.515, P3, 1125 MHz, 5001 MHz, 16 %, 39.80 W
2026/10/09 23:09:30.623, P3, 1125 MHz, 5001 MHz, 16 %, 39.80 W
2026/10/09 23:09:30.732, P3, 1125 MHz, 5001 MHz, 16 %, 39.80 W
2026/10/09 23:09:30.841, P3, 1125 MHz, 5001 MHz, 15 %, 42.32 W
2026/10/09 23:09:30.949, P3, 1125 MHz, 5001 MHz, 15 %, 42.32 W
2026/10/09 23:09:31.058, P3, 1125 MHz, 5001 MHz, 15 %, 42.32 W
2026/10/09 23:09:31.168, P3, 1125 MHz, 5001 MHz, 15 %, 42.32 W
2026/10/09 23:09:31.277, P5, 1125 MHz, 5001 MHz, 11 %, 42.07 W
2026/10/09 23:09:31.385, P5, 1125 MHz, 5001 MHz, 11 %, 42.07 W
2026/10/09 23:09:31.494, P5, 1125 MHz, 5001 MHz, 11 %, 42.07 W
2026/10/09 23:09:31.602, P5, 1125 MHz, 5001 MHz, 11 %, 42.07 W
2026/10/09 23:09:31.709, P5, 1125 MHz, 5001 MHz, 11 %, 42.07 W
2026/10/09 23:09:31.818, P5, 615 MHz, 810 MHz, 38 %, 37.57 W
2026/10/09 23:09:31.928, P5, 615 MHz, 810 MHz, 38 %, 37.57 W
2026/10/09 23:09:32.035, P5, 615 MHz, 810 MHz, 38 %, 37.57 W
2026/10/09 23:09:32.146, P5, 615 MHz, 810 MHz, 38 %, 37.57 W
2026/10/09 23:09:32.254, P5, 690 MHz, 810 MHz, 42 %, 32.14 W
2026/10/09 23:09:32.362, P5, 690 MHz, 810 MHz, 42 %, 32.14 W
2026/10/09 23:09:32.473, P5, 690 MHz, 810 MHz, 42 %, 32.14 W
2026/10/09 23:09:32.583, P5, 690 MHz, 810 MHz, 42 %, 32.14 W
2026/10/09 23:09:32.693, P5, 690 MHz, 810 MHz, 42 %, 32.14 W
2026/10/09 23:09:32.802, P5, 855 MHz, 810 MHz, 47 %, 32.41 W
2026/10/09 23:09:32.910, P5, 855 MHz, 810 MHz, 47 %, 32.41 W
2026/10/09 23:09:33.019, P5, 855 MHz, 810 MHz, 47 %, 32.41 W
2026/10/09 23:09:33.128, P5, 855 MHz, 810 MHz, 47 %, 32.41 W
2026/10/09 23:09:33.238, P5, 855 MHz, 810 MHz, 47 %, 32.41 W
2026/10/09 23:09:33.348, P5, 975 MHz, 810 MHz, 35 %, 32.93 W
2026/10/09 23:09:33.458, P5, 975 MHz, 810 MHz, 35 %, 32.93 W
2026/10/09 23:09:33.568, P5, 975 MHz, 810 MHz, 35 %, 32.93 W
2026/10/09 23:09:33.676, P5, 975 MHz, 810 MHz, 35 %, 32.93 W
2026/10/09 23:09:33.785, P5, 1050 MHz, 810 MHz, 8 %, 32.54 W
2026/10/09 23:09:33.894, P5, 1050 MHz, 810 MHz, 8 %, 32.54 W
2026/10/09 23:09:34.003, P5, 1050 MHz, 810 MHz, 8 %, 32.54 W
2026/10/09 23:09:34.111, P5, 1050 MHz, 810 MHz, 8 %, 32.54 W
2026/10/09 23:09:34.219, P5, 1050 MHz, 810 MHz, 8 %, 32.54 W
2026/10/09 23:09:34.327, P5, 1050 MHz, 810 MHz, 43 %, 32.48 W
2026/10/09 23:09:34.435, P5, 1050 MHz, 810 MHz, 43 %, 32.48 W
2026/10/09 23:09:34.544, P5, 1050 MHz, 810 MHz, 43 %, 32.48 W
2026/10/09 23:09:34.653, P5, 1050 MHz, 810 MHz, 43 %, 32.48 W
2026/10/09 23:09:34.763, P2, 1335 MHz, 6801 MHz, 17 %, 33.74 W
2026/10/09 23:09:34.870, P2, 1335 MHz, 6801 MHz, 17 %, 33.74 W
2026/10/09 23:09:34.980, P2, 1335 MHz, 6801 MHz, 17 %, 33.74 W
2026/10/09 23:09:35.090, P2, 1335 MHz, 6801 MHz, 17 %, 33.74 W
2026/10/09 23:09:35.201, P2, 1335 MHz, 6801 MHz, 17 %, 33.74 W
2026/10/09 23:09:35.310, P2, 1335 MHz, 6801 MHz, 8 %, 41.32 W
2026/10/09 23:09:35.418, P2, 1335 MHz, 6801 MHz, 8 %, 41.32 W
2026/10/09 23:09:35.528, P2, 1335 MHz, 6801 MHz, 8 %, 41.32 W
2026/10/09 23:09:35.637, P2, 1335 MHz, 6801 MHz, 8 %, 41.32 W
2026/10/09 23:09:35.747, P2, 1335 MHz, 6801 MHz, 13 %, 48.53 W
2026/10/09 23:09:35.857, P2, 1335 MHz, 6801 MHz, 13 %, 48.53 W
2026/10/09 23:09:35.968, P2, 1335 MHz, 6801 MHz, 13 %, 48.53 W
2026/10/09 23:09:36.076, P2, 1335 MHz, 6801 MHz, 13 %, 48.53 W
2026/10/09 23:09:36.185, P2, 1335 MHz, 6801 MHz, 13 %, 48.53 W
2026/10/09 23:09:36.293, P2, 1335 MHz, 6801 MHz, 14 %, 48.81 W
2026/10/09 23:09:36.401, P2, 1335 MHz, 6801 MHz, 14 %, 48.81 W
2026/10/09 23:09:36.511, P2, 1335 MHz, 6801 MHz, 14 %, 48.81 W
2026/10/09 23:09:36.619, P2, 1335 MHz, 6801 MHz, 14 %, 48.81 W
2026/10/09 23:09:36.727, P2, 1335 MHz, 6801 MHz, 14 %, 48.81 W
2026/10/09 23:09:36.834, P3, 570 MHz, 5001 MHz, 26 %, 47.86 W
2026/10/09 23:09:36.945, P3, 570 MHz, 5001 MHz, 26 %, 47.86 W
2026/10/09 23:09:37.053, P3, 570 MHz, 5001 MHz, 26 %, 47.86 W
2026/10/09 23:09:37.162, P3, 570 MHz, 5001 MHz, 26 %, 47.86 W
2026/10/09 23:09:37.271, P3, 525 MHz, 5001 MHz, 22 %, 44.94 W
2026/10/09 23:09:37.380, P3, 525 MHz, 5001 MHz, 22 %, 44.94 W
2026/10/09 23:09:37.489, P3, 525 MHz, 5001 MHz, 22 %, 44.94 W
2026/10/09 23:09:37.597, P3, 525 MHz, 5001 MHz, 22 %, 44.94 W
2026/10/09 23:09:37.706, P3, 525 MHz, 5001 MHz, 22 %, 44.94 W
2026/10/09 23:09:37.815, P3, 465 MHz, 5001 MHz, 30 %, 42.87 W
2026/10/09 23:09:37.923, P3, 465 MHz, 5001 MHz, 30 %, 42.87 W
2026/10/09 23:09:38.032, P3, 465 MHz, 5001 MHz, 30 %, 42.87 W
2026/10/09 23:09:38.141, P3, 465 MHz, 5001 MHz, 30 %, 42.87 W
2026/10/09 23:09:38.251, P3, 435 MHz, 5001 MHz, 25 %, 41.87 W
2026/10/09 23:09:38.361, P3, 435 MHz, 5001 MHz, 25 %, 41.87 W
2026/10/09 23:09:38.470, P3, 435 MHz, 5001 MHz, 25 %, 41.87 W
2026/10/09 23:09:38.578, P3, 435 MHz, 5001 MHz, 25 %, 41.87 W
2026/10/09 23:09:38.686, P3, 435 MHz, 5001 MHz, 25 %, 41.87 W
2026/10/09 23:09:38.797, P3, 390 MHz, 5001 MHz, 21 %, 42.00 W
2026/10/09 23:09:38.908, P3, 390 MHz, 5001 MHz, 21 %, 42.00 W
2026/10/09 23:09:39.015, P3, 390 MHz, 5001 MHz, 21 %, 42.00 W
2026/10/09 23:09:39.123, P3, 390 MHz, 5001 MHz, 21 %, 42.00 W
2026/10/09 23:09:39.233, P3, 390 MHz, 5001 MHz, 21 %, 42.00 W
2026/10/09 23:09:39.343, P5, 360 MHz, 810 MHz, 32 %, 39.57 W
2026/10/09 23:09:39.453, P5, 360 MHz, 810 MHz, 32 %, 39.57 W
2026/10/09 23:09:39.561, P5, 360 MHz, 810 MHz, 32 %, 39.57 W
2026/10/09 23:09:39.668, P5, 360 MHz, 810 MHz, 32 %, 39.57 W
2026/10/09 23:09:39.776, P5, 435 MHz, 810 MHz, 29 %, 34.24 W
2026/10/09 23:09:39.886, P5, 435 MHz, 810 MHz, 29 %, 34.24 W
2026/10/09 23:09:39.995, P5, 435 MHz, 810 MHz, 29 %, 34.24 W
2026/10/09 23:09:40.103, P5, 435 MHz, 810 MHz, 29 %, 34.24 W
2026/10/09 23:09:40.213, P5, 435 MHz, 810 MHz, 29 %, 34.24 W
2026/10/09 23:09:40.321, P5, 495 MHz, 810 MHz, 41 %, 30.77 W
2026/10/09 23:09:40.429, P5, 495 MHz, 810 MHz, 41 %, 30.77 W
2026/10/09 23:09:40.536, P5, 495 MHz, 810 MHz, 41 %, 30.77 W
2026/10/09 23:09:40.645, P5, 495 MHz, 810 MHz, 41 %, 30.77 W
2026/10/09 23:09:40.754, P5, 690 MHz, 810 MHz, 35 %, 30.93 W
2026/10/09 23:09:40.867, P5, 690 MHz, 810 MHz, 35 %, 30.93 W
2026/10/09 23:09:40.971, P5, 690 MHz, 810 MHz, 35 %, 30.93 W
2026/10/09 23:09:41.079, P5, 690 MHz, 810 MHz, 35 %, 30.93 W
2026/10/09 23:09:41.187, P5, 690 MHz, 810 MHz, 35 %, 30.93 W
2026/10/09 23:09:41.294, P5, 735 MHz, 810 MHz, 49 %, 31.06 W
2026/10/09 23:09:41.401, P5, 735 MHz, 810 MHz, 49 %, 31.06 W
2026/10/09 23:09:41.512, P5, 735 MHz, 810 MHz, 49 %, 31.06 W
2026/10/09 23:09:41.620, P5, 735 MHz, 810 MHz, 49 %, 31.06 W
2026/10/09 23:09:41.731, P5, 735 MHz, 810 MHz, 49 %, 31.06 W
2026/10/09 23:09:41.841, P5, 735 MHz, 810 MHz, 54 %, 31.37 W
2026/10/09 23:09:41.948, P5, 735 MHz, 810 MHz, 54 %, 31.37 W
2026/10/09 23:09:42.057, P5, 735 MHz, 810 MHz, 54 %, 31.37 W
2026/10/09 23:09:42.165, P5, 735 MHz, 810 MHz, 54 %, 31.37 W
2026/10/09 23:09:42.275, P5, 840 MHz, 810 MHz, 47 %, 31.81 W
2026/10/09 23:09:42.382, P5, 840 MHz, 810 MHz, 47 %, 31.81 W
2026/10/09 23:09:42.490, P5, 840 MHz, 810 MHz, 47 %, 31.81 W
2026/10/09 23:09:42.597, P5, 840 MHz, 810 MHz, 47 %, 31.81 W
2026/10/09 23:09:42.706, P5, 840 MHz, 810 MHz, 47 %, 31.81 W
2026/10/09 23:09:42.815, P5, 930 MHz, 810 MHz, 36 %, 32.19 W
2026/10/09 23:09:42.923, P5, 930 MHz, 810 MHz, 36 %, 32.19 W
2026/10/09 23:09:43.031, P5, 930 MHz, 810 MHz, 36 %, 32.19 W
2026/10/09 23:09:43.142, P5, 930 MHz, 810 MHz, 36 %, 32.19 W
2026/10/09 23:09:43.251, P5, 930 MHz, 810 MHz, 41 %, 31.83 W
2026/10/09 23:09:43.361, P5, 930 MHz, 810 MHz, 41 %, 31.83 W
2026/10/09 23:09:43.470, P5, 930 MHz, 810 MHz, 41 %, 31.83 W
2026/10/09 23:09:43.580, P5, 930 MHz, 810 MHz, 41 %, 31.83 W
2026/10/09 23:09:43.689, P5, 930 MHz, 810 MHz, 41 %, 31.83 W
2026/10/09 23:09:43.797, P5, 975 MHz, 810 MHz, 40 %, 32.15 W
2026/10/09 23:09:43.904, P5, 975 MHz, 810 MHz, 40 %, 32.15 W
2026/10/09 23:09:44.012, P5, 975 MHz, 810 MHz, 40 %, 32.15 W
2026/10/09 23:09:44.122, P5, 975 MHz, 810 MHz, 40 %, 32.15 W
2026/10/09 23:09:44.230, P5, 975 MHz, 810 MHz, 40 %, 32.15 W
2026/10/09 23:09:44.338, P5, 975 MHz, 810 MHz, 36 %, 32.28 W
2026/10/09 23:09:44.448, P5, 975 MHz, 810 MHz, 36 %, 32.28 W
2026/10/09 23:09:44.556, P5, 975 MHz, 810 MHz, 36 %, 32.28 W
2026/10/09 23:09:44.666, P5, 975 MHz, 810 MHz, 36 %, 32.28 W
2026/10/09 23:09:44.774, P5, 1035 MHz, 810 MHz, 47 %, 32.48 W
2026/10/09 23:09:44.882, P5, 1035 MHz, 810 MHz, 47 %, 32.48 W
2026/10/09 23:09:44.992, P5, 1035 MHz, 810 MHz, 47 %, 32.48 W
2026/10/09 23:09:45.098, P5, 1035 MHz, 810 MHz, 47 %, 32.48 W
2026/10/09 23:09:45.208, P5, 1035 MHz, 810 MHz, 47 %, 32.48 W
2026/10/09 23:09:45.315, P3, 1155 MHz, 5001 MHz, 16 %, 36.43 W
2026/10/09 23:09:45.424, P3, 1155 MHz, 5001 MHz, 16 %, 36.43 W
2026/10/09 23:09:45.533, P3, 1155 MHz, 5001 MHz, 16 %, 36.43 W
2026/10/09 23:09:45.640, P3, 1155 MHz, 5001 MHz, 16 %, 36.43 W
2026/10/09 23:09:45.748, P3, 1155 MHz, 5001 MHz, 9 %, 40.84 W
2026/10/09 23:09:45.856, P3, 1155 MHz, 5001 MHz, 9 %, 40.84 W
2026/10/09 23:09:45.966, P3, 1155 MHz, 5001 MHz, 9 %, 40.84 W
2026/10/09 23:09:46.073, P3, 1155 MHz, 5001 MHz, 9 %, 40.84 W
2026/10/09 23:09:46.181, P3, 1155 MHz, 5001 MHz, 9 %, 40.84 W
2026/10/09 23:09:46.291, P3, 1155 MHz, 5001 MHz, 15 %, 42.86 W
2026/10/09 23:09:46.398, P3, 1155 MHz, 5001 MHz, 15 %, 42.86 W
2026/10/09 23:09:46.507, P3, 1155 MHz, 5001 MHz, 15 %, 42.86 W
2026/10/09 23:09:46.616, P3, 1155 MHz, 5001 MHz, 15 %, 42.86 W
2026/10/09 23:09:46.724, P3, 1155 MHz, 5001 MHz, 15 %, 42.86 W
2026/10/09 23:09:46.833, P3, 585 MHz, 5001 MHz, 10 %, 42.66 W
2026/10/09 23:09:46.941, P3, 585 MHz, 5001 MHz, 10 %, 42.66 W
2026/10/09 23:09:47.050, P3, 585 MHz, 5001 MHz, 10 %, 42.66 W
2026/10/09 23:09:47.160, P3, 585 MHz, 5001 MHz, 10 %, 42.66 W
2026/10/09 23:09:47.268, P3, 510 MHz, 5001 MHz, 28 %, 42.13 W
2026/10/09 23:09:47.378, P3, 510 MHz, 5001 MHz, 28 %, 42.13 W
2026/10/09 23:09:47.487, P3, 510 MHz, 5001 MHz, 28 %, 42.13 W
2026/10/09 23:09:47.596, P3, 510 MHz, 5001 MHz, 28 %, 42.13 W
2026/10/09 23:09:47.704, P3, 510 MHz, 5001 MHz, 28 %, 42.13 W
2026/10/09 23:09:47.814, P3, 465 MHz, 5001 MHz, 30 %, 41.53 W
2026/10/09 23:09:47.923, P3, 465 MHz, 5001 MHz, 30 %, 41.53 W
2026/10/09 23:09:48.030, P3, 465 MHz, 5001 MHz, 30 %, 41.53 W
2026/10/09 23:09:48.139, P3, 465 MHz, 5001 MHz, 30 %, 41.53 W
2026/10/09 23:09:48.248, P3, 420 MHz, 5001 MHz, 33 %, 41.78 W
2026/10/09 23:09:48.356, P3, 420 MHz, 5001 MHz, 33 %, 41.78 W
2026/10/09 23:09:48.464, P3, 420 MHz, 5001 MHz, 33 %, 41.78 W
2026/10/09 23:09:48.574, P3, 420 MHz, 5001 MHz, 33 %, 41.78 W
2026/10/09 23:09:48.683, P3, 420 MHz, 5001 MHz, 33 %, 41.78 W
2026/10/09 23:09:48.790, P5, 375 MHz, 810 MHz, 51 %, 40.87 W
2026/10/09 23:09:48.898, P5, 375 MHz, 810 MHz, 51 %, 40.87 W
2026/10/09 23:09:49.008, P5, 375 MHz, 810 MHz, 51 %, 40.87 W
2026/10/09 23:09:49.119, P5, 375 MHz, 810 MHz, 51 %, 40.87 W
2026/10/09 23:09:49.229, P5, 375 MHz, 810 MHz, 51 %, 40.87 W
2026/10/09 23:09:49.336, P5, 510 MHz, 810 MHz, 56 %, 36.29 W
2026/10/09 23:09:49.445, P5, 510 MHz, 810 MHz, 56 %, 36.29 W
2026/10/09 23:09:49.553, P5, 510 MHz, 810 MHz, 56 %, 36.29 W
2026/10/09 23:09:49.661, P5, 510 MHz, 810 MHz, 56 %, 36.29 W
2026/10/09 23:09:49.769, P5, 585 MHz, 810 MHz, 25 %, 31.13 W
2026/10/09 23:09:49.878, P5, 585 MHz, 810 MHz, 25 %, 31.13 W
2026/10/09 23:09:49.987, P5, 585 MHz, 810 MHz, 25 %, 31.13 W
2026/10/09 23:09:50.096, P5, 585 MHz, 810 MHz, 25 %, 31.13 W
2026/10/09 23:09:50.205, P5, 585 MHz, 810 MHz, 25 %, 31.13 W
2026/10/09 23:09:50.314, P5, 585 MHz, 810 MHz, 61 %, 31.65 W
2026/10/09 23:09:50.423, P5, 585 MHz, 810 MHz, 61 %, 31.65 W
2026/10/09 23:09:50.530, P5, 585 MHz, 810 MHz, 61 %, 31.65 W
2026/10/09 23:09:50.640, P5, 585 MHz, 810 MHz, 61 %, 31.65 W
2026/10/09 23:09:50.749, P5, 765 MHz, 810 MHz, 39 %, 31.72 W
2026/10/09 23:09:50.857, P5, 765 MHz, 810 MHz, 39 %, 31.72 W
2026/10/09 23:09:50.967, P5, 765 MHz, 810 MHz, 39 %, 31.72 W
2026/10/09 23:09:51.074, P5, 765 MHz, 810 MHz, 39 %, 31.72 W
2026/10/09 23:09:51.183, P5, 765 MHz, 810 MHz, 39 %, 31.72 W
2026/10/09 23:09:51.293, P5, 915 MHz, 810 MHz, 40 %, 32.65 W
2026/10/09 23:09:51.403, P5, 915 MHz, 810 MHz, 40 %, 32.65 W
2026/10/09 23:09:51.513, P5, 915 MHz, 810 MHz, 40 %, 32.65 W
2026/10/09 23:09:51.624, P5, 915 MHz, 810 MHz, 40 %, 32.65 W
2026/10/09 23:09:51.733, P5, 915 MHz, 810 MHz, 40 %, 32.65 W
2026/10/09 23:09:51.841, P3, 1275 MHz, 5001 MHz, 14 %, 33.92 W
2026/10/09 23:09:51.950, P3, 1275 MHz, 5001 MHz, 14 %, 33.92 W
2026/10/09 23:09:52.059, P3, 1275 MHz, 5001 MHz, 14 %, 33.92 W
2026/10/09 23:09:52.169, P3, 1275 MHz, 5001 MHz, 14 %, 33.92 W
2026/10/09 23:09:52.279, P3, 1275 MHz, 5001 MHz, 14 %, 39.11 W
2026/10/09 23:09:52.388, P3, 1275 MHz, 5001 MHz, 14 %, 39.11 W
2026/10/09 23:09:52.497, P3, 1275 MHz, 5001 MHz, 14 %, 39.11 W
2026/10/09 23:09:52.606, P3, 1275 MHz, 5001 MHz, 14 %, 39.11 W
2026/10/09 23:09:52.712, P3, 1275 MHz, 5001 MHz, 14 %, 39.11 W
2026/10/09 23:09:52.821, P3, 1275 MHz, 5001 MHz, 13 %, 44.08 W
2026/10/09 23:09:52.927, P3, 1275 MHz, 5001 MHz, 13 %, 44.08 W
2026/10/09 23:09:53.037, P3, 1275 MHz, 5001 MHz, 13 %, 44.08 W
2026/10/09 23:09:53.145, P3, 1275 MHz, 5001 MHz, 13 %, 44.08 W
2026/10/09 23:09:53.255, P3, 1275 MHz, 5001 MHz, 8 %, 44.44 W
2026/10/09 23:09:53.362, P3, 1275 MHz, 5001 MHz, 8 %, 44.44 W
2026/10/09 23:09:53.470, P3, 1275 MHz, 5001 MHz, 8 %, 44.44 W
2026/10/09 23:09:53.578, P3, 1275 MHz, 5001 MHz, 8 %, 44.44 W
2026/10/09 23:09:53.688, P3, 1275 MHz, 5001 MHz, 8 %, 44.44 W
2026/10/09 23:09:53.798, P3, 555 MHz, 5001 MHz, 25 %, 43.96 W
2026/10/09 23:09:53.907, P3, 555 MHz, 5001 MHz, 25 %, 43.96 W
2026/10/09 23:09:54.015, P3, 555 MHz, 5001 MHz, 25 %, 43.96 W
2026/10/09 23:09:54.125, P3, 555 MHz, 5001 MHz, 25 %, 43.96 W
2026/10/09 23:09:54.232, P3, 555 MHz, 5001 MHz, 25 %, 43.96 W
2026/10/09 23:09:54.341, P3, 495 MHz, 5001 MHz, 17 %, 42.49 W
2026/10/09 23:09:54.450, P3, 495 MHz, 5001 MHz, 17 %, 42.49 W
2026/10/09 23:09:54.559, P3, 495 MHz, 5001 MHz, 17 %, 42.49 W
2026/10/09 23:09:54.667, P3, 495 MHz, 5001 MHz, 17 %, 42.49 W
2026/10/09 23:09:54.779, P3, 450 MHz, 5001 MHz, 28 %, 41.77 W
2026/10/09 23:09:54.888, P3, 450 MHz, 5001 MHz, 28 %, 41.77 W
2026/10/09 23:09:54.997, P3, 450 MHz, 5001 MHz, 28 %, 41.77 W
2026/10/09 23:09:55.105, P3, 450 MHz, 5001 MHz, 28 %, 41.77 W
2026/10/09 23:09:55.214, P3, 450 MHz, 5001 MHz, 28 %, 41.77 W
2026/10/09 23:09:55.322, P5, 405 MHz, 810 MHz, 32 %, 41.65 W
2026/10/09 23:09:55.431, P5, 405 MHz, 810 MHz, 32 %, 41.65 W
2026/10/09 23:09:55.539, P5, 405 MHz, 810 MHz, 32 %, 41.65 W
2026/10/09 23:09:55.647, P5, 405 MHz, 810 MHz, 32 %, 41.65 W
2026/10/09 23:09:55.758, P5, 390 MHz, 810 MHz, 46 %, 36.88 W
2026/10/09 23:09:55.866, P5, 390 MHz, 810 MHz, 46 %, 36.88 W
2026/10/09 23:09:55.976, P5, 390 MHz, 810 MHz, 46 %, 36.88 W
2026/10/09 23:09:56.085, P5, 390 MHz, 810 MHz, 46 %, 36.88 W
2026/10/09 23:09:56.193, P5, 390 MHz, 810 MHz, 46 %, 36.88 W
2026/10/09 23:09:56.300, P5, 645 MHz, 810 MHz, 58 %, 32.85 W
2026/10/09 23:09:56.411, P5, 645 MHz, 810 MHz, 58 %, 32.85 W
2026/10/09 23:09:56.518, P5, 645 MHz, 810 MHz, 58 %, 32.85 W
2026/10/09 23:09:56.625, P5, 645 MHz, 810 MHz, 58 %, 32.85 W
2026/10/09 23:09:56.732, P5, 645 MHz, 810 MHz, 58 %, 32.85 W
2026/10/09 23:09:56.842, P5, 645 MHz, 810 MHz, 0 %, 30.68 W
2026/10/09 23:09:56.950, P5, 645 MHz, 810 MHz, 0 %, 30.68 W
2026/10/09 23:09:57.058, P5, 645 MHz, 810 MHz, 0 %, 30.68 W
2026/10/09 23:09:57.167, P5, 645 MHz, 810 MHz, 0 %, 30.68 W
2026/10/09 23:09:57.277, P5, 690 MHz, 810 MHz, 49 %, 29.65 W
2026/10/09 23:09:57.388, P5, 690 MHz, 810 MHz, 49 %, 29.65 W
2026/10/09 23:09:57.496, P5, 690 MHz, 810 MHz, 49 %, 29.65 W
2026/10/09 23:09:57.602, P5, 690 MHz, 810 MHz, 49 %, 29.65 W
2026/10/09 23:09:57.710, P5, 690 MHz, 810 MHz, 49 %, 29.65 W
2026/10/09 23:09:57.820, P5, 690 MHz, 810 MHz, 41 %, 30.32 W
2026/10/09 23:09:57.929, P5, 690 MHz, 810 MHz, 41 %, 30.32 W
2026/10/09 23:09:58.038, P5, 690 MHz, 810 MHz, 41 %, 30.32 W
2026/10/09 23:09:58.147, P5, 690 MHz, 810 MHz, 41 %, 30.32 W
2026/10/09 23:09:58.256, P5, 765 MHz, 810 MHz, 29 %, 31.09 W
2026/10/09 23:09:58.367, P5, 765 MHz, 810 MHz, 29 %, 31.09 W
2026/10/09 23:09:58.477, P5, 765 MHz, 810 MHz, 29 %, 31.09 W
2026/10/09 23:09:58.587, P5, 765 MHz, 810 MHz, 29 %, 31.09 W
2026/10/09 23:09:58.694, P5, 765 MHz, 810 MHz, 29 %, 31.09 W
2026/10/09 23:09:58.803, P5, 855 MHz, 810 MHz, 37 %, 31.45 W
2026/10/09 23:09:58.912, P5, 855 MHz, 810 MHz, 37 %, 31.45 W
2026/10/09 23:09:59.023, P5, 855 MHz, 810 MHz, 37 %, 31.45 W
2026/10/09 23:09:59.130, P5, 855 MHz, 810 MHz, 37 %, 31.45 W
2026/10/09 23:09:59.239, P5, 855 MHz, 810 MHz, 37 %, 31.45 W
2026/10/09 23:09:59.347, P5, 900 MHz, 810 MHz, 14 %, 31.23 W
2026/10/09 23:09:59.457, P5, 900 MHz, 810 MHz, 14 %, 31.23 W
2026/10/09 23:09:59.566, P5, 900 MHz, 810 MHz, 14 %, 31.23 W
2026/10/09 23:09:59.675, P5, 900 MHz, 810 MHz, 14 %, 31.23 W
2026/10/09 23:09:59.784, P5, 990 MHz, 810 MHz, 52 %, 31.18 W
2026/10/09 23:09:59.893, P5, 990 MHz, 810 MHz, 52 %, 31.18 W
2026/10/09 23:10:00.001, P5, 990 MHz, 810 MHz, 52 %, 31.18 W
2026/10/09 23:10:00.109, P5, 990 MHz, 810 MHz, 52 %, 31.18 W
2026/10/09 23:10:00.218, P5, 990 MHz, 810 MHz, 52 %, 31.18 W
2026/10/09 23:10:00.329, P3, 1185 MHz, 5001 MHz, 13 %, 34.84 W
2026/10/09 23:10:00.437, P3, 1185 MHz, 5001 MHz, 13 %, 34.84 W
2026/10/09 23:10:00.545, P3, 1185 MHz, 5001 MHz, 13 %, 34.84 W
2026/10/09 23:10:00.655, P3, 1185 MHz, 5001 MHz, 13 %, 34.84 W
2026/10/09 23:10:00.764, P3, 1185 MHz, 5001 MHz, 13 %, 40.02 W
2026/10/09 23:10:00.872, P3, 1185 MHz, 5001 MHz, 13 %, 40.02 W
2026/10/09 23:10:00.980, P3, 1185 MHz, 5001 MHz, 13 %, 40.02 W
2026/10/09 23:10:01.086, P3, 1185 MHz, 5001 MHz, 13 %, 40.02 W
2026/10/09 23:10:01.195, P3, 1185 MHz, 5001 MHz, 13 %, 40.02 W
2026/10/09 23:10:01.303, P3, 1185 MHz, 5001 MHz, 7 %, 41.92 W
2026/10/09 23:10:01.412, P3, 1185 MHz, 5001 MHz, 7 %, 41.92 W
2026/10/09 23:10:01.519, P3, 1185 MHz, 5001 MHz, 7 %, 41.92 W
2026/10/09 23:10:01.628, P3, 1185 MHz, 5001 MHz, 7 %, 41.92 W
2026/10/09 23:10:01.737, P3, 1185 MHz, 5001 MHz, 7 %, 41.92 W
2026/10/09 23:10:01.847, P5, 555 MHz, 810 MHz, 29 %, 40.50 W
2026/10/09 23:10:01.954, P5, 555 MHz, 810 MHz, 29 %, 40.50 W
2026/10/09 23:10:02.063, P5, 555 MHz, 810 MHz, 29 %, 40.50 W
2026/10/09 23:10:02.172, P5, 555 MHz, 810 MHz, 29 %, 40.50 W
2026/10/09 23:10:02.283, P3, 495 MHz, 5001 MHz, 26 %, 38.65 W
2026/10/09 23:10:02.392, P3, 495 MHz, 5001 MHz, 26 %, 38.65 W
2026/10/09 23:10:02.503, P3, 495 MHz, 5001 MHz, 26 %, 38.65 W
2026/10/09 23:10:02.611, P3, 495 MHz, 5001 MHz, 26 %, 38.65 W
2026/10/09 23:10:02.720, P3, 495 MHz, 5001 MHz, 26 %, 38.65 W
2026/10/09 23:10:02.829, P3, 450 MHz, 5001 MHz, 26 %, 38.01 W
2026/10/09 23:10:02.938, P3, 450 MHz, 5001 MHz, 26 %, 38.01 W
2026/10/09 23:10:03.047, P3, 450 MHz, 5001 MHz, 26 %, 38.01 W
2026/10/09 23:10:03.154, P3, 450 MHz, 5001 MHz, 26 %, 38.01 W
2026/10/09 23:10:03.264, P3, 405 MHz, 5001 MHz, 29 %, 40.52 W
2026/10/09 23:10:03.374, P3, 405 MHz, 5001 MHz, 29 %, 40.52 W
2026/10/09 23:10:03.482, P3, 405 MHz, 5001 MHz, 29 %, 40.52 W
2026/10/09 23:10:03.589, P3, 405 MHz, 5001 MHz, 29 %, 40.52 W
2026/10/09 23:10:03.698, P3, 405 MHz, 5001 MHz, 29 %, 40.52 W
2026/10/09 23:10:03.807, P3, 375 MHz, 5001 MHz, 27 %, 40.40 W
2026/10/09 23:10:03.915, P3, 375 MHz, 5001 MHz, 27 %, 40.40 W
2026/10/09 23:10:04.024, P3, 375 MHz, 5001 MHz, 27 %, 40.40 W
2026/10/09 23:10:04.132, P3, 375 MHz, 5001 MHz, 27 %, 40.40 W
2026/10/09 23:10:04.240, P3, 375 MHz, 5001 MHz, 27 %, 40.40 W
2026/10/09 23:10:04.350, P3, 345 MHz, 5001 MHz, 31 %, 40.44 W
2026/10/09 23:10:04.460, P3, 345 MHz, 5001 MHz, 31 %, 40.44 W
2026/10/09 23:10:04.568, P3, 345 MHz, 5001 MHz, 31 %, 40.44 W
2026/10/09 23:10:04.676, P3, 345 MHz, 5001 MHz, 31 %, 40.44 W
2026/10/09 23:10:04.785, P3, 315 MHz, 5001 MHz, 21 %, 40.20 W
2026/10/09 23:10:04.894, P3, 315 MHz, 5001 MHz, 21 %, 40.20 W
2026/10/09 23:10:05.004, P3, 315 MHz, 5001 MHz, 21 %, 40.20 W
2026/10/09 23:10:05.112, P3, 315 MHz, 5001 MHz, 21 %, 40.20 W
2026/10/09 23:10:05.219, P3, 315 MHz, 5001 MHz, 21 %, 40.20 W
2026/10/09 23:10:05.328, P5, 330 MHz, 810 MHz, 56 %, 35.23 W
2026/10/09 23:10:05.436, P5, 330 MHz, 810 MHz, 56 %, 35.23 W
2026/10/09 23:10:05.545, P5, 330 MHz, 810 MHz, 56 %, 35.23 W
2026/10/09 23:10:05.652, P5, 330 MHz, 810 MHz, 56 %, 35.23 W
2026/10/09 23:10:05.763, P5, 360 MHz, 810 MHz, 34 %, 28.61 W
2026/10/09 23:10:05.871, P5, 360 MHz, 810 MHz, 34 %, 28.61 W
2026/10/09 23:10:05.981, P5, 360 MHz, 810 MHz, 34 %, 28.61 W
2026/10/09 23:10:06.090, P5, 360 MHz, 810 MHz, 34 %, 28.61 W
2026/10/09 23:10:06.199, P5, 360 MHz, 810 MHz, 34 %, 28.61 W
2026/10/09 23:10:06.308, P5, 435 MHz, 810 MHz, 39 %, 27.59 W
2026/10/09 23:10:06.417, P5, 435 MHz, 810 MHz, 39 %, 27.59 W
2026/10/09 23:10:06.526, P5, 435 MHz, 810 MHz, 39 %, 27.59 W
2026/10/09 23:10:06.636, P5, 435 MHz, 810 MHz, 39 %, 27.59 W
2026/10/09 23:10:06.744, P5, 435 MHz, 810 MHz, 39 %, 27.59 W
2026/10/09 23:10:06.853, P5, 435 MHz, 810 MHz, 32 %, 27.31 W
2026/10/09 23:10:06.962, P5, 435 MHz, 810 MHz, 32 %, 27.31 W
2026/10/09 23:10:07.069, P5, 435 MHz, 810 MHz, 32 %, 27.31 W
2026/10/09 23:10:07.179, P5, 435 MHz, 810 MHz, 32 %, 27.31 W
2026/10/09 23:10:07.289, P5, 435 MHz, 810 MHz, 35 %, 26.82 W
2026/10/09 23:10:07.396, P5, 435 MHz, 810 MHz, 35 %, 26.82 W
2026/10/09 23:10:07.504, P5, 435 MHz, 810 MHz, 35 %, 26.82 W
2026/10/09 23:10:07.613, P5, 435 MHz, 810 MHz, 35 %, 26.82 W
2026/10/09 23:10:07.721, P5, 435 MHz, 810 MHz, 35 %, 26.82 W
2026/10/09 23:10:07.828, P5, 525 MHz, 810 MHz, 41 %, 27.31 W
2026/10/09 23:10:07.937, P5, 525 MHz, 810 MHz, 41 %, 27.31 W
2026/10/09 23:10:08.046, P5, 525 MHz, 810 MHz, 41 %, 27.31 W
2026/10/09 23:10:08.155, P5, 525 MHz, 810 MHz, 41 %, 27.31 W
2026/10/09 23:10:08.263, P5, 705 MHz, 810 MHz, 48 %, 27.22 W
2026/10/09 23:10:08.373, P5, 705 MHz, 810 MHz, 48 %, 27.22 W
2026/10/09 23:10:08.481, P5, 705 MHz, 810 MHz, 48 %, 27.22 W
2026/10/09 23:10:08.590, P5, 705 MHz, 810 MHz, 48 %, 27.22 W
2026/10/09 23:10:08.702, P5, 705 MHz, 810 MHz, 48 %, 27.22 W
2026/10/09 23:10:08.811, P5, 705 MHz, 810 MHz, 77 %, 26.79 W
2026/10/09 23:10:08.920, P5, 705 MHz, 810 MHz, 77 %, 26.79 W
2026/10/09 23:10:09.027, P5, 705 MHz, 810 MHz, 77 %, 26.79 W
2026/10/09 23:10:09.135, P5, 705 MHz, 810 MHz, 77 %, 26.79 W
2026/10/09 23:10:09.244, P5, 705 MHz, 810 MHz, 77 %, 26.79 W
2026/10/09 23:10:09.355, P5, 1035 MHz, 810 MHz, 37 %, 27.02 W
2026/10/09 23:10:09.463, P5, 1035 MHz, 810 MHz, 37 %, 27.02 W
2026/10/09 23:10:09.572, P5, 1035 MHz, 810 MHz, 37 %, 27.02 W
2026/10/09 23:10:09.683, P5, 1035 MHz, 810 MHz, 37 %, 27.02 W
2026/10/09 23:10:09.793, P5, 1035 MHz, 810 MHz, 44 %, 28.09 W
2026/10/09 23:10:09.902, P5, 1035 MHz, 810 MHz, 44 %, 28.09 W
2026/10/09 23:10:10.010, P5, 1035 MHz, 810 MHz, 44 %, 28.09 W
2026/10/09 23:10:10.118, P5, 1035 MHz, 810 MHz, 44 %, 28.09 W
2026/10/09 23:10:10.226, P5, 1035 MHz, 810 MHz, 44 %, 28.09 W
2026/10/09 23:10:10.335, P3, 1080 MHz, 5001 MHz, 18 %, 32.97 W
2026/10/09 23:10:10.445, P3, 1080 MHz, 5001 MHz, 18 %, 32.97 W
2026/10/09 23:10:10.553, P3, 1080 MHz, 5001 MHz, 18 %, 32.97 W
2026/10/09 23:10:10.660, P3, 1080 MHz, 5001 MHz, 18 %, 32.97 W
2026/10/09 23:10:10.770, P3, 1080 MHz, 5001 MHz, 12 %, 38.65 W
2026/10/09 23:10:10.881, P3, 1080 MHz, 5001 MHz, 12 %, 38.65 W
2026/10/09 23:10:10.990, P3, 1080 MHz, 5001 MHz, 12 %, 38.65 W
2026/10/09 23:10:11.097, P3, 1080 MHz, 5001 MHz, 12 %, 38.65 W
2026/10/09 23:10:11.207, P3, 1080 MHz, 5001 MHz, 12 %, 38.65 W
2026/10/09 23:10:11.315, P3, 1080 MHz, 5001 MHz, 6 %, 40.73 W
2026/10/09 23:10:11.423, P3, 1080 MHz, 5001 MHz, 6 %, 40.73 W
2026/10/09 23:10:11.532, P3, 1080 MHz, 5001 MHz, 6 %, 40.73 W
2026/10/09 23:10:11.641, P3, 1080 MHz, 5001 MHz, 6 %, 40.73 W
2026/10/09 23:10:11.749, P3, 525 MHz, 5001 MHz, 20 %, 40.87 W
2026/10/09 23:10:11.858, P3, 525 MHz, 5001 MHz, 20 %, 40.87 W
2026/10/09 23:10:11.967, P3, 525 MHz, 5001 MHz, 20 %, 40.87 W
2026/10/09 23:10:12.077, P3, 525 MHz, 5001 MHz, 20 %, 40.87 W
2026/10/09 23:10:12.185, P3, 525 MHz, 5001 MHz, 20 %, 40.87 W
2026/10/09 23:10:12.295, P3, 465 MHz, 5001 MHz, 21 %, 40.66 W
2026/10/09 23:10:12.404, P3, 465 MHz, 5001 MHz, 21 %, 40.66 W
2026/10/09 23:10:12.513, P3, 465 MHz, 5001 MHz, 21 %, 40.66 W
2026/10/09 23:10:12.621, P3, 465 MHz, 5001 MHz, 21 %, 40.66 W
2026/10/09 23:10:12.729, P3, 465 MHz, 5001 MHz, 21 %, 40.66 W
2026/10/09 23:10:12.837, P3, 420 MHz, 5001 MHz, 23 %, 40.54 W
2026/10/09 23:10:12.945, P3, 420 MHz, 5001 MHz, 23 %, 40.54 W
2026/10/09 23:10:13.056, P3, 420 MHz, 5001 MHz, 23 %, 40.54 W
2026/10/09 23:10:13.166, P3, 420 MHz, 5001 MHz, 23 %, 40.54 W
2026/10/09 23:10:13.274, P3, 375 MHz, 5001 MHz, 25 %, 40.41 W
2026/10/09 23:10:13.382, P3, 375 MHz, 5001 MHz, 25 %, 40.41 W
2026/10/09 23:10:13.490, P3, 375 MHz, 5001 MHz, 25 %, 40.41 W
2026/10/09 23:10:13.599, P3, 375 MHz, 5001 MHz, 25 %, 40.41 W
2026/10/09 23:10:13.709, P3, 375 MHz, 5001 MHz, 25 %, 40.41 W
2026/10/09 23:10:13.818, P3, 345 MHz, 5001 MHz, 31 %, 40.48 W
2026/10/09 23:10:13.926, P3, 345 MHz, 5001 MHz, 31 %, 40.48 W
2026/10/09 23:10:14.033, P3, 345 MHz, 5001 MHz, 31 %, 40.48 W
2026/10/09 23:10:14.142, P3, 345 MHz, 5001 MHz, 31 %, 40.48 W
2026/10/09 23:10:14.252, P3, 330 MHz, 5001 MHz, 30 %, 40.90 W
2026/10/09 23:10:14.361, P3, 330 MHz, 5001 MHz, 30 %, 40.90 W
2026/10/09 23:10:14.469, P3, 330 MHz, 5001 MHz, 30 %, 40.90 W
2026/10/09 23:10:14.578, P3, 330 MHz, 5001 MHz, 30 %, 40.90 W
2026/10/09 23:10:14.686, P3, 330 MHz, 5001 MHz, 30 %, 40.90 W
2026/10/09 23:10:14.796, P5, 315 MHz, 810 MHz, 54 %, 37.40 W
2026/10/09 23:10:14.903, P5, 315 MHz, 810 MHz, 54 %, 37.40 W
2026/10/09 23:10:15.011, P5, 315 MHz, 810 MHz, 54 %, 37.40 W
2026/10/09 23:10:15.120, P5, 315 MHz, 810 MHz, 54 %, 37.40 W
2026/10/09 23:10:15.230, P5, 315 MHz, 810 MHz, 54 %, 37.40 W
2026/10/09 23:10:15.337, P5, 480 MHz, 810 MHz, 56 %, 30.72 W
2026/10/09 23:10:15.445, P5, 480 MHz, 810 MHz, 56 %, 30.72 W
2026/10/09 23:10:15.554, P5, 480 MHz, 810 MHz, 56 %, 30.72 W
2026/10/09 23:10:15.662, P5, 480 MHz, 810 MHz, 56 %, 30.72 W
2026/10/09 23:10:15.773, P5, 480 MHz, 810 MHz, 32 %, 27.55 W
2026/10/09 23:10:15.883, P5, 480 MHz, 810 MHz, 32 %, 27.55 W
2026/10/09 23:10:15.992, P5, 480 MHz, 810 MHz, 32 %, 27.55 W
2026/10/09 23:10:16.100, P5, 480 MHz, 810 MHz, 32 %, 27.55 W
2026/10/09 23:10:16.208, P5, 480 MHz, 810 MHz, 32 %, 27.55 W
2026/10/09 23:10:16.316, P5, 480 MHz, 810 MHz, 19 %, 27.01 W
2026/10/09 23:10:16.427, P5, 480 MHz, 810 MHz, 19 %, 27.01 W
2026/10/09 23:10:16.537, P5, 480 MHz, 810 MHz, 19 %, 27.01 W
2026/10/09 23:10:16.645, P5, 480 MHz, 810 MHz, 19 %, 27.01 W
2026/10/09 23:10:16.755, P5, 480 MHz, 810 MHz, 16 %, 26.50 W
2026/10/09 23:10:16.863, P5, 480 MHz, 810 MHz, 16 %, 26.50 W
2026/10/09 23:10:16.971, P5, 480 MHz, 810 MHz, 16 %, 26.50 W
2026/10/09 23:10:17.079, P5, 480 MHz, 810 MHz, 16 %, 26.50 W
2026/10/09 23:10:17.189, P5, 480 MHz, 810 MHz, 16 %, 26.50 W
2026/10/09 23:10:17.299, P5, 495 MHz, 810 MHz, 37 %, 26.70 W
2026/10/09 23:10:17.406, P5, 495 MHz, 810 MHz, 37 %, 26.70 W
2026/10/09 23:10:17.515, P5, 495 MHz, 810 MHz, 37 %, 26.70 W
2026/10/09 23:10:17.626, P5, 495 MHz, 810 MHz, 37 %, 26.70 W
2026/10/09 23:10:17.734, P5, 495 MHz, 810 MHz, 37 %, 26.70 W
2026/10/09 23:10:17.843, P5, 495 MHz, 810 MHz, 37 %, 27.31 W
2026/10/09 23:10:17.952, P5, 495 MHz, 810 MHz, 37 %, 27.31 W
2026/10/09 23:10:18.062, P5, 495 MHz, 810 MHz, 37 %, 27.31 W
2026/10/09 23:10:18.170, P5, 495 MHz, 810 MHz, 37 %, 27.31 W
2026/10/09 23:10:18.278, P5, 660 MHz, 810 MHz, 49 %, 28.17 W
2026/10/09 23:10:18.387, P5, 660 MHz, 810 MHz, 49 %, 28.17 W
2026/10/09 23:10:18.495, P5, 660 MHz, 810 MHz, 49 %, 28.17 W
2026/10/09 23:10:18.605, P5, 660 MHz, 810 MHz, 49 %, 28.17 W
2026/10/09 23:10:18.714, P5, 660 MHz, 810 MHz, 49 %, 28.17 W
2026/10/09 23:10:18.822, P5, 840 MHz, 810 MHz, 39 %, 28.90 W
2026/10/09 23:10:18.931, P5, 840 MHz, 810 MHz, 39 %, 28.90 W
2026/10/09 23:10:19.039, P5, 840 MHz, 810 MHz, 39 %, 28.90 W
2026/10/09 23:10:19.148, P5, 840 MHz, 810 MHz, 39 %, 28.90 W
2026/10/09 23:10:19.257, P5, 990 MHz, 810 MHz, 46 %, 28.80 W
2026/10/09 23:10:19.367, P5, 990 MHz, 810 MHz, 46 %, 28.80 W
2026/10/09 23:10:19.477, P5, 990 MHz, 810 MHz, 46 %, 28.80 W
2026/10/09 23:10:19.586, P5, 990 MHz, 810 MHz, 46 %, 28.80 W
2026/10/09 23:10:19.694, P5, 990 MHz, 810 MHz, 46 %, 28.80 W
2026/10/09 23:10:19.806, P5, 990 MHz, 810 MHz, 29 %, 28.24 W
2026/10/09 23:10:19.915, P5, 990 MHz, 810 MHz, 29 %, 28.24 W
2026/10/09 23:10:20.022, P5, 990 MHz, 810 MHz, 29 %, 28.24 W
2026/10/09 23:10:20.129, P5, 990 MHz, 810 MHz, 29 %, 28.24 W
2026/10/09 23:10:20.238, P5, 990 MHz, 810 MHz, 29 %, 28.24 W
2026/10/09 23:10:20.349, P3, 1170 MHz, 5001 MHz, 7 %, 30.93 W
2026/10/09 23:10:20.457, P3, 1170 MHz, 5001 MHz, 7 %, 30.93 W
2026/10/09 23:10:20.564, P3, 1170 MHz, 5001 MHz, 7 %, 30.93 W
2026/10/09 23:10:20.673, P3, 1170 MHz, 5001 MHz, 7 %, 30.93 W
2026/10/09 23:10:20.782, P3, 1170 MHz, 5001 MHz, 11 %, 37.16 W
2026/10/09 23:10:20.891, P3, 1170 MHz, 5001 MHz, 11 %, 37.16 W
2026/10/09 23:10:21.001, P3, 1170 MHz, 5001 MHz, 11 %, 37.16 W
2026/10/09 23:10:21.109, P3, 1170 MHz, 5001 MHz, 11 %, 37.16 W
2026/10/09 23:10:21.218, P3, 1170 MHz, 5001 MHz, 11 %, 37.16 W
2026/10/09 23:10:21.328, P3, 1170 MHz, 5001 MHz, 15 %, 41.47 W
2026/10/09 23:10:21.438, P3, 1170 MHz, 5001 MHz, 15 %, 41.47 W
2026/10/09 23:10:21.547, P3, 1170 MHz, 5001 MHz, 15 %, 41.47 W
2026/10/09 23:10:21.655, P3, 1170 MHz, 5001 MHz, 15 %, 41.47 W
2026/10/09 23:10:21.765, P3, 1170 MHz, 5001 MHz, 8 %, 41.30 W
2026/10/09 23:10:21.874, P3, 1170 MHz, 5001 MHz, 8 %, 41.30 W
2026/10/09 23:10:21.983, P3, 1170 MHz, 5001 MHz, 8 %, 41.30 W
2026/10/09 23:10:22.091, P3, 1170 MHz, 5001 MHz, 8 %, 41.30 W
2026/10/09 23:10:22.200, P3, 1170 MHz, 5001 MHz, 8 %, 41.30 W
2026/10/09 23:10:22.310, P3, 495 MHz, 5001 MHz, 24 %, 41.52 W
2026/10/09 23:10:22.419, P3, 495 MHz, 5001 MHz, 24 %, 41.52 W
2026/10/09 23:10:22.526, P3, 495 MHz, 5001 MHz, 24 %, 41.52 W
2026/10/09 23:10:22.636, P3, 495 MHz, 5001 MHz, 24 %, 41.52 W
2026/10/09 23:10:22.746, P3, 495 MHz, 5001 MHz, 24 %, 41.52 W
2026/10/09 23:10:22.855, P3, 450 MHz, 5001 MHz, 29 %, 40.73 W
2026/10/09 23:10:22.963, P3, 450 MHz, 5001 MHz, 29 %, 40.73 W
2026/10/09 23:10:23.070, P3, 450 MHz, 5001 MHz, 29 %, 40.73 W
2026/10/09 23:10:23.180, P3, 450 MHz, 5001 MHz, 29 %, 40.73 W
2026/10/09 23:10:23.288, P3, 405 MHz, 5001 MHz, 24 %, 40.75 W
2026/10/09 23:10:23.397, P3, 405 MHz, 5001 MHz, 24 %, 40.75 W
2026/10/09 23:10:23.506, P3, 405 MHz, 5001 MHz, 24 %, 40.75 W
2026/10/09 23:10:23.615, P3, 405 MHz, 5001 MHz, 24 %, 40.75 W
2026/10/09 23:10:23.723, P3, 405 MHz, 5001 MHz, 24 %, 40.75 W
2026/10/09 23:10:23.833, P3, 375 MHz, 5001 MHz, 29 %, 40.97 W
2026/10/09 23:10:23.941, P3, 375 MHz, 5001 MHz, 29 %, 40.97 W
2026/10/09 23:10:24.050, P3, 375 MHz, 5001 MHz, 29 %, 40.97 W
2026/10/09 23:10:24.159, P3, 375 MHz, 5001 MHz, 29 %, 40.97 W
2026/10/09 23:10:24.267, P3, 345 MHz, 5001 MHz, 25 %, 41.05 W
2026/10/09 23:10:24.376, P3, 345 MHz, 5001 MHz, 25 %, 41.05 W
2026/10/09 23:10:24.485, P3, 345 MHz, 5001 MHz, 25 %, 41.05 W
2026/10/09 23:10:24.594, P3, 345 MHz, 5001 MHz, 25 %, 41.05 W
2026/10/09 23:10:24.703, P3, 345 MHz, 5001 MHz, 25 %, 41.05 W
2026/10/09 23:10:24.813, P5, 315 MHz, 810 MHz, 35 %, 39.76 W
2026/10/09 23:10:24.923, P5, 315 MHz, 810 MHz, 35 %, 39.76 W
2026/10/09 23:10:25.031, P5, 315 MHz, 810 MHz, 35 %, 39.76 W
2026/10/09 23:10:25.139, P5, 315 MHz, 810 MHz, 35 %, 39.76 W
2026/10/09 23:10:25.248, P5, 315 MHz, 810 MHz, 35 %, 39.76 W
2026/10/09 23:10:25.356, P5, 285 MHz, 810 MHz, 7 %, 30.77 W
2026/10/09 23:10:25.464, P5, 285 MHz, 810 MHz, 7 %, 30.77 W
2026/10/09 23:10:25.574, P5, 285 MHz, 810 MHz, 7 %, 30.77 W
2026/10/09 23:10:25.683, P5, 285 MHz, 810 MHz, 7 %, 30.77 W
2026/10/09 23:10:25.795, P5, 375 MHz, 810 MHz, 32 %, 25.91 W
2026/10/09 23:10:25.903, P5, 375 MHz, 810 MHz, 32 %, 25.91 W
2026/10/09 23:10:26.012, P5, 375 MHz, 810 MHz, 32 %, 25.91 W
2026/10/09 23:10:26.121, P5, 375 MHz, 810 MHz, 32 %, 25.91 W
2026/10/09 23:10:26.230, P5, 375 MHz, 810 MHz, 32 %, 25.91 W
2026/10/09 23:10:26.339, P5, 375 MHz, 810 MHz, 37 %, 27.02 W
2026/10/09 23:10:26.448, P5, 375 MHz, 810 MHz, 37 %, 27.02 W
2026/10/09 23:10:26.555, P5, 375 MHz, 810 MHz, 37 %, 27.02 W
2026/10/09 23:10:26.665, P5, 375 MHz, 810 MHz, 37 %, 27.02 W
2026/10/09 23:10:26.774, P5, 375 MHz, 810 MHz, 37 %, 26.39 W
2026/10/09 23:10:26.884, P5, 375 MHz, 810 MHz, 37 %, 26.39 W
2026/10/09 23:10:26.994, P5, 375 MHz, 810 MHz, 37 %, 26.39 W
2026/10/09 23:10:27.119, P5, 375 MHz, 810 MHz, 37 %, 26.39 W
2026/10/09 23:10:27.227, P5, 375 MHz, 810 MHz, 37 %, 26.39 W
2026/10/09 23:10:27.334, P5, 345 MHz, 810 MHz, 2 %, 25.48 W
2026/10/09 23:10:27.443, P5, 345 MHz, 810 MHz, 2 %, 25.48 W
2026/10/09 23:10:27.552, P5, 345 MHz, 810 MHz, 2 %, 25.48 W
2026/10/09 23:10:27.661, P5, 345 MHz, 810 MHz, 2 %, 25.48 W
2026/10/09 23:10:27.771, P5, 345 MHz, 810 MHz, 45 %, 25.58 W
2026/10/09 23:10:27.881, P5, 345 MHz, 810 MHz, 45 %, 25.58 W
2026/10/09 23:10:27.992, P5, 345 MHz, 810 MHz, 45 %, 25.58 W
2026/10/09 23:10:28.101, P5, 345 MHz, 810 MHz, 45 %, 25.58 W
2026/10/09 23:10:28.209, P5, 345 MHz, 810 MHz, 45 %, 25.58 W
2026/10/09 23:10:28.318, P5, 465 MHz, 810 MHz, 57 %, 27.05 W
2026/10/09 23:10:28.425, P5, 465 MHz, 810 MHz, 57 %, 27.05 W
2026/10/09 23:10:28.535, P5, 465 MHz, 810 MHz, 57 %, 27.05 W
2026/10/09 23:10:28.645, P5, 465 MHz, 810 MHz, 57 %, 27.05 W
2026/10/09 23:10:28.751, P5, 510 MHz, 810 MHz, 33 %, 28.05 W
2026/10/09 23:10:28.860, P5, 510 MHz, 810 MHz, 33 %, 28.05 W
2026/10/09 23:10:28.968, P5, 510 MHz, 810 MHz, 33 %, 28.05 W
2026/10/09 23:10:29.078, P5, 510 MHz, 810 MHz, 33 %, 28.05 W
2026/10/09 23:10:29.187, P5, 510 MHz, 810 MHz, 33 %, 28.05 W
2026/10/09 23:10:29.296, P5, 600 MHz, 810 MHz, 41 %, 27.97 W
2026/10/09 23:10:29.404, P5, 600 MHz, 810 MHz, 41 %, 27.97 W
2026/10/09 23:10:29.513, P5, 600 MHz, 810 MHz, 41 %, 27.97 W
2026/10/09 23:10:29.623, P5, 600 MHz, 810 MHz, 41 %, 27.97 W
2026/10/09 23:10:29.733, P5, 600 MHz, 810 MHz, 41 %, 27.97 W
2026/10/09 23:10:29.843, P5, 675 MHz, 810 MHz, 51 %, 28.09 W
2026/10/09 23:10:29.950, P5, 675 MHz, 810 MHz, 51 %, 28.09 W
2026/10/09 23:10:30.058, P5, 675 MHz, 810 MHz, 51 %, 28.09 W
2026/10/09 23:10:30.166, P5, 675 MHz, 810 MHz, 51 %, 28.09 W
2026/10/09 23:10:30.272, P5, 810 MHz, 810 MHz, 31 %, 28.29 W
2026/10/09 23:10:30.382, P5, 810 MHz, 810 MHz, 31 %, 28.29 W
2026/10/09 23:10:30.490, P5, 810 MHz, 810 MHz, 31 %, 28.29 W
2026/10/09 23:10:30.597, P5, 810 MHz, 810 MHz, 31 %, 28.29 W
2026/10/09 23:10:30.706, P5, 810 MHz, 810 MHz, 31 %, 28.29 W
2026/10/09 23:10:30.814, P5, 855 MHz, 810 MHz, 35 %, 28.20 W
2026/10/09 23:10:30.923, P5, 855 MHz, 810 MHz, 35 %, 28.20 W
2026/10/09 23:10:31.030, P5, 855 MHz, 810 MHz, 35 %, 28.20 W
2026/10/09 23:10:31.138, P5, 855 MHz, 810 MHz, 35 %, 28.20 W
2026/10/09 23:10:31.248, P5, 855 MHz, 810 MHz, 35 %, 28.20 W
2026/10/09 23:10:31.358, P5, 990 MHz, 810 MHz, 44 %, 28.79 W
2026/10/09 23:10:31.467, P5, 990 MHz, 810 MHz, 44 %, 28.79 W
2026/10/09 23:10:31.575, P5, 990 MHz, 810 MHz, 44 %, 28.79 W
2026/10/09 23:10:31.683, P5, 990 MHz, 810 MHz, 44 %, 28.79 W
2026/10/09 23:10:31.792, P5, 990 MHz, 810 MHz, 49 %, 28.91 W
2026/10/09 23:10:31.900, P5, 990 MHz, 810 MHz, 49 %, 28.91 W
2026/10/09 23:10:32.009, P5, 990 MHz, 810 MHz, 49 %, 28.91 W
2026/10/09 23:10:32.118, P5, 990 MHz, 810 MHz, 49 %, 28.91 W
2026/10/09 23:10:32.226, P5, 990 MHz, 810 MHz, 49 %, 28.91 W
2026/10/09 23:10:32.335, P3, 1185 MHz, 5001 MHz, 13 %, 34.20 W
2026/10/09 23:10:32.445, P3, 1185 MHz, 5001 MHz, 13 %, 34.20 W
2026/10/09 23:10:32.554, P3, 1185 MHz, 5001 MHz, 13 %, 34.20 W
2026/10/09 23:10:32.661, P3, 1185 MHz, 5001 MHz, 13 %, 34.20 W
2026/10/09 23:10:32.771, P3, 1185 MHz, 5001 MHz, 13 %, 40.64 W
2026/10/09 23:10:32.879, P3, 1185 MHz, 5001 MHz, 13 %, 40.64 W
2026/10/09 23:10:32.987, P3, 1185 MHz, 5001 MHz, 13 %, 40.64 W
2026/10/09 23:10:33.097, P3, 1185 MHz, 5001 MHz, 13 %, 40.64 W
2026/10/09 23:10:33.206, P3, 1185 MHz, 5001 MHz, 13 %, 40.64 W
2026/10/09 23:10:33.314, P3, 1185 MHz, 5001 MHz, 14 %, 43.22 W
2026/10/09 23:10:33.424, P3, 1185 MHz, 5001 MHz, 14 %, 43.22 W
2026/10/09 23:10:33.532, P3, 1185 MHz, 5001 MHz, 14 %, 43.22 W
2026/10/09 23:10:33.641, P3, 1185 MHz, 5001 MHz, 14 %, 43.22 W
2026/10/09 23:10:33.753, P3, 555 MHz, 5001 MHz, 13 %, 42.53 W
2026/10/09 23:10:33.859, P3, 555 MHz, 5001 MHz, 13 %, 42.53 W
2026/10/09 23:10:33.967, P3, 555 MHz, 5001 MHz, 13 %, 42.53 W
2026/10/09 23:10:34.076, P3, 555 MHz, 5001 MHz, 13 %, 42.53 W
2026/10/09 23:10:34.184, P3, 555 MHz, 5001 MHz, 13 %, 42.53 W
2026/10/09 23:10:34.291, P5, 480 MHz, 810 MHz, 25 %, 41.16 W
2026/10/09 23:10:34.401, P5, 480 MHz, 810 MHz, 25 %, 41.16 W
2026/10/09 23:10:34.509, P5, 480 MHz, 810 MHz, 25 %, 41.16 W
2026/10/09 23:10:34.617, P5, 480 MHz, 810 MHz, 25 %, 41.16 W
2026/10/09 23:10:34.726, P5, 480 MHz, 810 MHz, 25 %, 41.16 W
2026/10/09 23:10:34.834, P5, 450 MHz, 810 MHz, 42 %, 33.02 W
2026/10/09 23:10:34.943, P5, 450 MHz, 810 MHz, 42 %, 33.02 W
2026/10/09 23:10:35.052, P5, 450 MHz, 810 MHz, 42 %, 33.02 W
2026/10/09 23:10:35.159, P5, 450 MHz, 810 MHz, 42 %, 33.02 W
2026/10/09 23:10:35.269, P5, 510 MHz, 810 MHz, 33 %, 27.79 W
2026/10/09 23:10:35.377, P5, 510 MHz, 810 MHz, 33 %, 27.79 W
2026/10/09 23:10:35.486, P5, 510 MHz, 810 MHz, 33 %, 27.79 W
2026/10/09 23:10:35.598, P5, 510 MHz, 810 MHz, 33 %, 27.79 W
2026/10/09 23:10:35.707, P5, 510 MHz, 810 MHz, 33 %, 27.79 W
2026/10/09 23:10:35.816, P5, 510 MHz, 810 MHz, 27 %, 26.92 W
2026/10/09 23:10:35.926, P5, 510 MHz, 810 MHz, 27 %, 26.92 W
2026/10/09 23:10:36.034, P5, 510 MHz, 810 MHz, 27 %, 26.92 W
2026/10/09 23:10:36.144, P5, 510 MHz, 810 MHz, 27 %, 26.92 W
2026/10/09 23:10:36.253, P5, 510 MHz, 810 MHz, 25 %, 26.28 W
2026/10/09 23:10:36.361, P5, 510 MHz, 810 MHz, 25 %, 26.28 W
2026/10/09 23:10:36.470, P5, 510 MHz, 810 MHz, 25 %, 26.28 W
2026/10/09 23:10:36.581, P5, 510 MHz, 810 MHz, 25 %, 26.28 W
2026/10/09 23:10:36.690, P5, 510 MHz, 810 MHz, 25 %, 26.28 W
2026/10/09 23:10:36.800, P5, 495 MHz, 810 MHz, 34 %, 26.39 W
2026/10/09 23:10:36.909, P5, 495 MHz, 810 MHz, 34 %, 26.39 W
2026/10/09 23:10:37.020, P5, 495 MHz, 810 MHz, 34 %, 26.39 W
2026/10/09 23:10:37.125, P5, 495 MHz, 810 MHz, 34 %, 26.39 W
2026/10/09 23:10:37.235, P5, 495 MHz, 810 MHz, 34 %, 26.39 W
2026/10/09 23:10:37.344, P5, 525 MHz, 810 MHz, 21 %, 26.53 W
2026/10/09 23:10:37.452, P5, 525 MHz, 810 MHz, 21 %, 26.53 W
2026/10/09 23:10:37.561, P5, 525 MHz, 810 MHz, 21 %, 26.53 W
2026/10/09 23:10:37.670, P5, 525 MHz, 810 MHz, 21 %, 26.53 W
2026/10/09 23:10:37.780, P5, 630 MHz, 810 MHz, 22 %, 26.34 W
2026/10/09 23:10:37.890, P5, 630 MHz, 810 MHz, 22 %, 26.34 W
2026/10/09 23:10:38.000, P5, 630 MHz, 810 MHz, 22 %, 26.34 W
2026/10/09 23:10:38.107, P5, 630 MHz, 810 MHz, 22 %, 26.34 W
2026/10/09 23:10:38.217, P5, 630 MHz, 810 MHz, 22 %, 26.34 W
2026/10/09 23:10:38.326, P5, 675 MHz, 810 MHz, 37 %, 26.85 W
2026/10/09 23:10:38.434, P5, 675 MHz, 810 MHz, 37 %, 26.85 W
2026/10/09 23:10:38.544, P5, 675 MHz, 810 MHz, 37 %, 26.85 W
2026/10/09 23:10:38.653, P5, 675 MHz, 810 MHz, 37 %, 26.85 W
2026/10/09 23:10:38.762, P5, 675 MHz, 810 MHz, 35 %, 27.80 W
2026/10/09 23:10:38.871, P5, 675 MHz, 810 MHz, 35 %, 27.80 W
2026/10/09 23:10:38.979, P5, 675 MHz, 810 MHz, 35 %, 27.80 W
2026/10/09 23:10:39.086, P5, 675 MHz, 810 MHz, 35 %, 27.80 W
2026/10/09 23:10:39.194, P5, 675 MHz, 810 MHz, 35 %, 27.80 W
2026/10/09 23:10:39.303, P5, 675 MHz, 810 MHz, 39 %, 27.00 W
2026/10/09 23:10:39.413, P5, 675 MHz, 810 MHz, 39 %, 27.00 W
2026/10/09 23:10:39.520, P5, 675 MHz, 810 MHz, 39 %, 27.00 W
2026/10/09 23:10:39.629, P5, 675 MHz, 810 MHz, 39 %, 27.00 W
2026/10/09 23:10:39.737, P5, 675 MHz, 810 MHz, 39 %, 27.00 W
2026/10/09 23:10:39.846, P5, 675 MHz, 810 MHz, 18 %, 26.33 W
2026/10/09 23:10:39.954, P5, 675 MHz, 810 MHz, 18 %, 26.33 W
2026/10/09 23:10:40.064, P5, 675 MHz, 810 MHz, 18 %, 26.33 W
2026/10/09 23:10:40.174, P5, 675 MHz, 810 MHz, 18 %, 26.33 W
2026/10/09 23:10:40.284, P5, 915 MHz, 810 MHz, 45 %, 27.25 W
2026/10/09 23:10:40.393, P5, 915 MHz, 810 MHz, 45 %, 27.25 W
2026/10/09 23:10:40.500, P5, 915 MHz, 810 MHz, 45 %, 27.25 W
2026/10/09 23:10:40.608, P5, 915 MHz, 810 MHz, 45 %, 27.25 W
2026/10/09 23:10:40.716, P5, 915 MHz, 810 MHz, 45 %, 27.25 W
2026/10/09 23:10:40.823, P3, 1065 MHz, 5001 MHz, 5 %, 28.33 W
2026/10/09 23:10:40.932, P3, 1065 MHz, 5001 MHz, 5 %, 28.33 W
2026/10/09 23:10:41.039, P3, 1065 MHz, 5001 MHz, 5 %, 28.33 W
2026/10/09 23:10:41.148, P3, 1065 MHz, 5001 MHz, 5 %, 28.33 W
2026/10/09 23:10:41.257, P3, 1065 MHz, 5001 MHz, 16 %, 33.99 W
2026/10/09 23:10:41.364, P3, 1065 MHz, 5001 MHz, 16 %, 33.99 W
2026/10/09 23:10:41.472, P3, 1065 MHz, 5001 MHz, 16 %, 33.99 W
2026/10/09 23:10:41.579, P3, 1065 MHz, 5001 MHz, 16 %, 33.99 W
2026/10/09 23:10:41.688, P3, 1065 MHz, 5001 MHz, 16 %, 33.99 W
2026/10/09 23:10:41.798, P3, 1065 MHz, 5001 MHz, 13 %, 39.51 W
2026/10/09 23:10:41.906, P3, 1065 MHz, 5001 MHz, 13 %, 39.51 W
2026/10/09 23:10:42.019, P3, 1065 MHz, 5001 MHz, 13 %, 39.51 W
2026/10/09 23:10:42.128, P3, 1065 MHz, 5001 MHz, 13 %, 39.51 W
2026/10/09 23:10:42.239, P3, 1065 MHz, 5001 MHz, 13 %, 39.51 W
2026/10/09 23:10:42.347, P3, 1065 MHz, 5001 MHz, 17 %, 40.51 W
2026/10/09 23:10:42.455, P3, 1065 MHz, 5001 MHz, 17 %, 40.51 W
2026/10/09 23:10:42.565, P3, 1065 MHz, 5001 MHz, 17 %, 40.51 W
2026/10/09 23:10:42.675, P3, 1065 MHz, 5001 MHz, 17 %, 40.51 W
2026/10/09 23:10:42.784, P5, 465 MHz, 810 MHz, 37 %, 39.21 W
2026/10/09 23:10:42.893, P5, 465 MHz, 810 MHz, 37 %, 39.21 W
2026/10/09 23:10:43.001, P5, 465 MHz, 810 MHz, 37 %, 39.21 W
2026/10/09 23:10:43.108, P5, 465 MHz, 810 MHz, 37 %, 39.21 W
2026/10/09 23:10:43.217, P5, 465 MHz, 810 MHz, 37 %, 39.21 W
2026/10/09 23:10:43.326, P5, 540 MHz, 810 MHz, 41 %, 33.71 W
2026/10/09 23:10:43.436, P5, 540 MHz, 810 MHz, 41 %, 33.71 W
2026/10/09 23:10:43.547, P5, 540 MHz, 810 MHz, 41 %, 33.71 W
2026/10/09 23:10:43.654, P5, 540 MHz, 810 MHz, 41 %, 33.71 W
2026/10/09 23:10:43.763, P5, 540 MHz, 810 MHz, 33 %, 27.70 W
2026/10/09 23:10:43.873, P5, 540 MHz, 810 MHz, 33 %, 27.70 W
2026/10/09 23:10:43.982, P5, 540 MHz, 810 MHz, 33 %, 27.70 W
2026/10/09 23:10:44.089, P5, 540 MHz, 810 MHz, 33 %, 27.70 W
2026/10/09 23:10:44.198, P5, 540 MHz, 810 MHz, 33 %, 27.70 W
2026/10/09 23:10:44.305, P5, 600 MHz, 810 MHz, 33 %, 27.24 W
2026/10/09 23:10:44.415, P5, 600 MHz, 810 MHz, 33 %, 27.24 W
2026/10/09 23:10:44.525, P5, 600 MHz, 810 MHz, 33 %, 27.24 W
2026/10/09 23:10:44.634, P5, 600 MHz, 810 MHz, 33 %, 27.24 W
2026/10/09 23:10:44.744, P5, 600 MHz, 810 MHz, 33 %, 27.24 W
2026/10/09 23:10:44.854, P5, 660 MHz, 810 MHz, 56 %, 28.01 W
2026/10/09 23:10:44.964, P5, 660 MHz, 810 MHz, 56 %, 28.01 W
2026/10/09 23:10:45.071, P5, 660 MHz, 810 MHz, 56 %, 28.01 W
2026/10/09 23:10:45.180, P5, 660 MHz, 810 MHz, 56 %, 28.01 W
2026/10/09 23:10:45.289, P5, 705 MHz, 810 MHz, 40 %, 28.11 W
2026/10/09 23:10:45.398, P5, 705 MHz, 810 MHz, 40 %, 28.11 W
2026/10/09 23:10:45.506, P5, 705 MHz, 810 MHz, 40 %, 28.11 W
2026/10/09 23:10:45.614, P5, 705 MHz, 810 MHz, 40 %, 28.11 W
2026/10/09 23:10:45.721, P5, 705 MHz, 810 MHz, 40 %, 28.11 W
2026/10/09 23:10:45.830, P5, 840 MHz, 810 MHz, 40 %, 28.27 W
2026/10/09 23:10:45.939, P5, 840 MHz, 810 MHz, 40 %, 28.27 W
2026/10/09 23:10:46.050, P5, 840 MHz, 810 MHz, 40 %, 28.27 W
2026/10/09 23:10:46.159, P5, 840 MHz, 810 MHz, 40 %, 28.27 W
2026/10/09 23:10:46.268, P5, 1035 MHz, 810 MHz, 39 %, 28.35 W
2026/10/09 23:10:46.377, P5, 1035 MHz, 810 MHz, 39 %, 28.35 W
2026/10/09 23:10:46.486, P5, 1035 MHz, 810 MHz, 39 %, 28.35 W
2026/10/09 23:10:46.594, P5, 1035 MHz, 810 MHz, 39 %, 28.35 W
2026/10/09 23:10:46.705, P5, 1035 MHz, 810 MHz, 39 %, 28.35 W
2026/10/09 23:10:46.814, P5, 1035 MHz, 810 MHz, 50 %, 28.80 W
2026/10/09 23:10:46.922, P5, 1035 MHz, 810 MHz, 50 %, 28.80 W
2026/10/09 23:10:47.031, P5, 1035 MHz, 810 MHz, 50 %, 28.80 W
2026/10/09 23:10:47.138, P5, 1035 MHz, 810 MHz, 50 %, 28.80 W
2026/10/09 23:10:47.247, P5, 1035 MHz, 810 MHz, 50 %, 28.80 W
2026/10/09 23:10:47.355, P3, 1125 MHz, 5001 MHz, 7 %, 32.84 W
2026/10/09 23:10:47.466, P3, 1125 MHz, 5001 MHz, 7 %, 32.84 W
2026/10/09 23:10:47.575, P3, 1125 MHz, 5001 MHz, 7 %, 32.84 W
2026/10/09 23:10:47.684, P3, 1125 MHz, 5001 MHz, 7 %, 32.84 W
2026/10/09 23:10:47.794, P3, 1125 MHz, 5001 MHz, 1 %, 37.45 W
2026/10/09 23:10:47.903, P3, 1125 MHz, 5001 MHz, 1 %, 37.45 W
2026/10/09 23:10:48.012, P3, 1125 MHz, 5001 MHz, 1 %, 37.45 W
2026/10/09 23:10:48.121, P3, 1125 MHz, 5001 MHz, 1 %, 37.45 W
2026/10/09 23:10:48.230, P3, 1125 MHz, 5001 MHz, 1 %, 37.45 W
2026/10/09 23:10:48.339, P3, 1125 MHz, 5001 MHz, 1 %, 37.16 W
2026/10/09 23:10:48.449, P3, 1125 MHz, 5001 MHz, 1 %, 37.16 W
2026/10/09 23:10:48.557, P3, 1125 MHz, 5001 MHz, 1 %, 37.16 W
2026/10/09 23:10:48.665, P3, 1125 MHz, 5001 MHz, 1 %, 37.16 W
2026/10/09 23:10:48.773, P5, 330 MHz, 810 MHz, 2 %, 34.42 W
2026/10/09 23:10:48.883, P5, 330 MHz, 810 MHz, 2 %, 34.42 W
2026/10/09 23:10:49.001, P5, 330 MHz, 810 MHz, 2 %, 34.42 W
2026/10/09 23:10:49.118, P5, 330 MHz, 810 MHz, 2 %, 34.42 W
2026/10/09 23:10:49.226, P5, 330 MHz, 810 MHz, 2 %, 34.42 W
2026/10/09 23:10:49.335, P5, 255 MHz, 810 MHz, 3 %, 26.27 W
2026/10/09 23:10:49.444, P5, 255 MHz, 810 MHz, 3 %, 26.27 W
2026/10/09 23:10:49.553, P5, 255 MHz, 810 MHz, 3 %, 26.27 W
2026/10/09 23:10:49.663, P5, 255 MHz, 810 MHz, 3 %, 26.27 W
2026/10/09 23:10:49.770, P5, 210 MHz, 810 MHz, 2 %, 19.70 W
2026/10/09 23:10:49.879, P5, 210 MHz, 810 MHz, 2 %, 19.70 W
2026/10/09 23:10:49.988, P5, 210 MHz, 810 MHz, 2 %, 19.70 W
2026/10/09 23:10:50.098, P5, 210 MHz, 810 MHz, 2 %, 19.70 W
2026/10/09 23:10:50.205, P5, 210 MHz, 810 MHz, 2 %, 19.70 W
2026/10/09 23:10:50.314, P8, 210 MHz, 405 MHz, 3 %, 18.90 W
2026/10/09 23:10:50.422, P8, 210 MHz, 405 MHz, 3 %, 18.90 W
2026/10/09 23:10:50.530, P8, 210 MHz, 405 MHz, 3 %, 18.90 W
2026/10/09 23:10:50.639, P8, 210 MHz, 405 MHz, 3 %, 18.90 W
2026/10/09 23:10:50.748, P8, 210 MHz, 405 MHz, 3 %, 18.90 W
2026/10/09 23:10:50.858, P8, 210 MHz, 405 MHz, 5 %, 18.19 W
2026/10/09 23:10:50.965, P8, 210 MHz, 405 MHz, 5 %, 18.19 W
2026/10/09 23:10:51.075, P8, 210 MHz, 405 MHz, 5 %, 18.19 W
2026/10/09 23:10:51.184, P8, 210 MHz, 405 MHz, 5 %, 18.19 W
2026/10/09 23:10:51.293, P8, 210 MHz, 405 MHz, 3 %, 17.99 W
2026/10/09 23:10:51.404, P8, 210 MHz, 405 MHz, 3 %, 17.99 W
2026/10/09 23:10:51.511, P8, 210 MHz, 405 MHz, 3 %, 17.99 W
2026/10/09 23:10:51.621, P8, 210 MHz, 405 MHz, 3 %, 17.99 W
2026/10/09 23:10:51.730, P8, 210 MHz, 405 MHz, 3 %, 17.99 W
2026/10/09 23:10:51.841, P8, 210 MHz, 405 MHz, 3 %, 18.03 W
2026/10/09 23:10:51.951, P8, 210 MHz, 405 MHz, 3 %, 18.03 W
2026/10/09 23:10:52.058, P8, 210 MHz, 405 MHz, 3 %, 18.03 W
2026/10/09 23:10:52.166, P8, 210 MHz, 405 MHz, 3 %, 18.03 W
2026/10/09 23:10:52.275, P8, 210 MHz, 405 MHz, 3 %, 17.98 W
2026/10/09 23:10:52.385, P8, 210 MHz, 405 MHz, 3 %, 17.98 W
2026/10/09 23:10:52.494, P8, 210 MHz, 405 MHz, 3 %, 17.98 W
2026/10/09 23:10:52.601, P8, 210 MHz, 405 MHz, 3 %, 17.98 W
2026/10/09 23:10:52.708, P8, 210 MHz, 405 MHz, 3 %, 17.98 W
2026/10/09 23:10:52.816, P8, 210 MHz, 405 MHz, 2 %, 17.92 W
2026/10/09 23:10:52.926, P8, 210 MHz, 405 MHz, 2 %, 17.92 W
2026/10/09 23:10:53.037, P8, 210 MHz, 405 MHz, 2 %, 17.92 W
2026/10/09 23:10:53.161, P8, 210 MHz, 405 MHz, 2 %, 17.92 W
2026/10/09 23:10:53.269, P8, 210 MHz, 405 MHz, 1 %, 17.78 W
2026/10/09 23:10:53.377, P8, 210 MHz, 405 MHz, 1 %, 17.78 W
2026/10/09 23:10:53.485, P8, 210 MHz, 405 MHz, 1 %, 17.78 W
2026/10/09 23:10:53.594, P8, 210 MHz, 405 MHz, 1 %, 17.78 W
2026/10/09 23:10:53.703, P8, 210 MHz, 405 MHz, 1 %, 17.78 W
2026/10/09 23:10:53.814, P2, 1815 MHz, 6801 MHz, 100 %, 31.97 W
2026/10/09 23:10:53.923, P2, 1815 MHz, 6801 MHz, 100 %, 31.97 W
2026/10/09 23:10:54.030, P2, 1815 MHz, 6801 MHz, 100 %, 31.97 W
2026/10/09 23:10:54.139, P2, 1815 MHz, 6801 MHz, 100 %, 31.97 W
2026/10/09 23:10:54.247, P2, 1815 MHz, 6801 MHz, 100 %, 31.97 W
2026/10/09 23:10:54.356, P2, 1980 MHz, 6801 MHz, 88 %, 127.14 W
2026/10/09 23:10:54.464, P2, 1980 MHz, 6801 MHz, 88 %, 127.14 W
2026/10/09 23:10:54.572, P2, 1980 MHz, 6801 MHz, 88 %, 127.14 W
2026/10/09 23:10:54.680, P2, 1980 MHz, 6801 MHz, 88 %, 127.14 W
2026/10/09 23:10:54.789, P2, 1995 MHz, 6801 MHz, 0 %, 149.36 W
2026/10/09 23:10:54.897, P2, 1995 MHz, 6801 MHz, 0 %, 149.36 W
2026/10/09 23:10:55.006, P2, 1995 MHz, 6801 MHz, 0 %, 149.36 W
2026/10/09 23:10:55.117, P2, 1995 MHz, 6801 MHz, 0 %, 149.36 W
2026/10/09 23:10:55.228, P2, 1995 MHz, 6801 MHz, 0 %, 149.36 W
2026/10/09 23:10:55.338, P2, 1995 MHz, 6801 MHz, 0 %, 86.37 W
2026/10/09 23:10:55.447, P2, 1995 MHz, 6801 MHz, 0 %, 86.37 W
2026/10/09 23:10:55.555, P2, 1995 MHz, 6801 MHz, 0 %, 86.37 W
2026/10/09 23:10:55.665, P2, 1995 MHz, 6801 MHz, 0 %, 86.37 W
2026/10/09 23:10:55.774, P2, 1995 MHz, 6801 MHz, 0 %, 72.03 W
2026/10/09 23:10:55.882, P2, 1995 MHz, 6801 MHz, 0 %, 72.03 W
2026/10/09 23:10:55.990, P2, 1995 MHz, 6801 MHz, 0 %, 72.03 W
2026/10/09 23:10:56.099, P2, 1995 MHz, 6801 MHz, 0 %, 72.03 W
2026/10/09 23:10:56.206, P2, 1995 MHz, 6801 MHz, 0 %, 72.03 W
2026/10/09 23:10:56.316, P3, 390 MHz, 5001 MHz, 1 %, 64.83 W
2026/10/09 23:10:56.426, P3, 390 MHz, 5001 MHz, 1 %, 64.83 W
2026/10/09 23:10:56.533, P3, 390 MHz, 5001 MHz, 1 %, 64.83 W
2026/10/09 23:10:56.641, P3, 390 MHz, 5001 MHz, 1 %, 64.83 W
2026/10/09 23:10:56.751, P3, 390 MHz, 5001 MHz, 1 %, 64.83 W
2026/10/09 23:10:56.858, P3, 585 MHz, 5001 MHz, 14 %, 51.49 W
2026/10/09 23:10:56.966, P3, 585 MHz, 5001 MHz, 14 %, 51.49 W
2026/10/09 23:10:57.076, P3, 585 MHz, 5001 MHz, 14 %, 51.49 W
2026/10/09 23:10:57.185, P3, 585 MHz, 5001 MHz, 14 %, 51.49 W
2026/10/09 23:10:57.294, P3, 585 MHz, 5001 MHz, 21 %, 41.70 W
2026/10/09 23:10:57.403, P3, 585 MHz, 5001 MHz, 21 %, 41.70 W
2026/10/09 23:10:57.511, P3, 585 MHz, 5001 MHz, 21 %, 41.70 W
2026/10/09 23:10:57.621, P3, 585 MHz, 5001 MHz, 21 %, 41.70 W
2026/10/09 23:10:57.729, P3, 585 MHz, 5001 MHz, 21 %, 41.70 W
2026/10/09 23:10:57.839, P5, 585 MHz, 810 MHz, 1 %, 39.63 W
2026/10/09 23:10:57.949, P5, 585 MHz, 810 MHz, 1 %, 39.63 W
2026/10/09 23:10:58.059, P5, 585 MHz, 810 MHz, 1 %, 39.63 W
2026/10/09 23:10:58.169, P5, 585 MHz, 810 MHz, 1 %, 39.63 W
2026/10/09 23:10:58.277, P5, 585 MHz, 810 MHz, 54 %, 31.08 W
2026/10/09 23:10:58.386, P5, 585 MHz, 810 MHz, 54 %, 31.08 W
2026/10/09 23:10:58.495, P5, 585 MHz, 810 MHz, 54 %, 31.08 W
2026/10/09 23:10:58.604, P5, 585 MHz, 810 MHz, 54 %, 31.08 W
2026/10/09 23:10:58.713, P5, 585 MHz, 810 MHz, 54 %, 31.08 W
2026/10/09 23:10:58.821, P5, 495 MHz, 810 MHz, 30 %, 26.35 W
2026/10/09 23:10:58.932, P5, 495 MHz, 810 MHz, 30 %, 26.35 W
2026/10/09 23:10:59.040, P5, 495 MHz, 810 MHz, 30 %, 26.35 W
2026/10/09 23:10:59.149, P5, 495 MHz, 810 MHz, 30 %, 26.35 W
2026/10/09 23:10:59.260, P5, 570 MHz, 810 MHz, 40 %, 28.50 W
2026/10/09 23:10:59.368, P5, 570 MHz, 810 MHz, 40 %, 28.50 W
2026/10/09 23:10:59.475, P5, 570 MHz, 810 MHz, 40 %, 28.50 W
2026/10/09 23:10:59.586, P5, 570 MHz, 810 MHz, 40 %, 28.50 W
2026/10/09 23:10:59.694, P5, 570 MHz, 810 MHz, 40 %, 28.50 W
2026/10/09 23:10:59.803, P5, 570 MHz, 810 MHz, 36 %, 28.04 W
2026/10/09 23:10:59.911, P5, 570 MHz, 810 MHz, 36 %, 28.04 W
2026/10/09 23:11:00.019, P5, 570 MHz, 810 MHz, 36 %, 28.04 W
2026/10/09 23:11:00.127, P5, 570 MHz, 810 MHz, 36 %, 28.04 W
2026/10/09 23:11:00.235, P5, 570 MHz, 810 MHz, 36 %, 28.04 W
2026/10/09 23:11:00.342, P5, 570 MHz, 810 MHz, 36 %, 28.10 W
2026/10/09 23:11:00.451, P5, 570 MHz, 810 MHz, 36 %, 28.10 W
2026/10/09 23:11:00.559, P5, 570 MHz, 810 MHz, 36 %, 28.10 W
2026/10/09 23:11:00.668, P5, 570 MHz, 810 MHz, 36 %, 28.10 W
2026/10/09 23:11:00.778, P5, 570 MHz, 810 MHz, 33 %, 28.13 W
2026/10/09 23:11:00.886, P5, 570 MHz, 810 MHz, 33 %, 28.13 W
2026/10/09 23:11:00.997, P5, 570 MHz, 810 MHz, 33 %, 28.13 W
2026/10/09 23:11:01.106, P5, 570 MHz, 810 MHz, 33 %, 28.13 W
2026/10/09 23:11:01.214, P5, 570 MHz, 810 MHz, 33 %, 28.13 W
2026/10/09 23:11:01.321, P5, 510 MHz, 810 MHz, 29 %, 27.43 W
2026/10/09 23:11:01.431, P5, 510 MHz, 810 MHz, 29 %, 27.43 W
2026/10/09 23:11:01.540, P5, 510 MHz, 810 MHz, 29 %, 27.43 W
2026/10/09 23:11:01.650, P5, 510 MHz, 810 MHz, 29 %, 27.43 W
2026/10/09 23:11:01.759, P5, 465 MHz, 810 MHz, 1 %, 25.37 W
2026/10/09 23:11:01.867, P5, 465 MHz, 810 MHz, 1 %, 25.37 W
2026/10/09 23:11:01.976, P5, 465 MHz, 810 MHz, 1 %, 25.37 W
2026/10/09 23:11:02.084, P5, 465 MHz, 810 MHz, 1 %, 25.37 W
2026/10/09 23:11:02.191, P5, 465 MHz, 810 MHz, 1 %, 25.37 W
2026/10/09 23:11:02.300, P8, 360 MHz, 405 MHz, 3 %, 22.27 W
2026/10/09 23:11:02.411, P8, 360 MHz, 405 MHz, 3 %, 22.27 W
2026/10/09 23:11:02.519, P8, 360 MHz, 405 MHz, 3 %, 22.27 W
2026/10/09 23:11:02.627, P8, 360 MHz, 405 MHz, 3 %, 22.27 W
2026/10/09 23:11:02.736, P8, 360 MHz, 405 MHz, 3 %, 22.27 W
2026/10/09 23:11:02.843, P8, 300 MHz, 405 MHz, 2 %, 19.45 W
2026/10/09 23:11:02.953, P8, 300 MHz, 405 MHz, 2 %, 19.45 W
2026/10/09 23:11:03.062, P8, 300 MHz, 405 MHz, 2 %, 19.45 W
2026/10/09 23:11:03.170, P8, 300 MHz, 405 MHz, 2 %, 19.45 W
2026/10/09 23:11:03.278, P8, 240 MHz, 405 MHz, 2 %, 18.98 W
2026/10/09 23:11:03.386, P8, 240 MHz, 405 MHz, 2 %, 18.98 W
2026/10/09 23:11:03.496, P8, 240 MHz, 405 MHz, 2 %, 18.98 W
2026/10/09 23:11:03.604, P8, 240 MHz, 405 MHz, 2 %, 18.98 W
2026/10/09 23:11:03.711, P8, 240 MHz, 405 MHz, 2 %, 18.98 W
2026/10/09 23:11:03.819, P8, 210 MHz, 405 MHz, 4 %, 18.96 W
2026/10/09 23:11:03.929, P8, 210 MHz, 405 MHz, 4 %, 18.96 W
2026/10/09 23:11:04.037, P8, 210 MHz, 405 MHz, 4 %, 18.96 W
2026/10/09 23:11:04.144, P8, 210 MHz, 405 MHz, 4 %, 18.96 W
2026/10/09 23:11:04.252, P8, 210 MHz, 405 MHz, 4 %, 18.96 W
2026/10/09 23:11:04.360, P8, 210 MHz, 405 MHz, 3 %, 18.80 W
2026/10/09 23:11:04.469, P8, 210 MHz, 405 MHz, 3 %, 18.80 W
2026/10/09 23:11:04.578, P8, 210 MHz, 405 MHz, 3 %, 18.80 W
2026/10/09 23:11:04.689, P8, 210 MHz, 405 MHz, 3 %, 18.80 W
2026/10/09 23:11:04.798, P8, 210 MHz, 405 MHz, 3 %, 18.86 W
2026/10/09 23:11:04.907, P8, 210 MHz, 405 MHz, 3 %, 18.86 W
2026/10/09 23:11:05.016, P8, 210 MHz, 405 MHz, 3 %, 18.86 W
2026/10/09 23:11:05.125, P8, 210 MHz, 405 MHz, 3 %, 18.86 W
2026/10/09 23:11:05.236, P8, 210 MHz, 405 MHz, 3 %, 18.86 W
2026/10/09 23:11:05.344, P8, 210 MHz, 405 MHz, 3 %, 18.84 W
2026/10/09 23:11:05.456, P8, 210 MHz, 405 MHz, 3 %, 18.84 W
2026/10/09 23:11:05.566, P8, 210 MHz, 405 MHz, 3 %, 18.84 W
2026/10/09 23:11:05.673, P8, 210 MHz, 405 MHz, 3 %, 18.84 W
2026/10/09 23:11:05.780, P8, 210 MHz, 405 MHz, 3 %, 18.88 W
2026/10/09 23:11:05.889, P8, 210 MHz, 405 MHz, 3 %, 18.88 W
2026/10/09 23:11:05.997, P8, 210 MHz, 405 MHz, 3 %, 18.88 W
2026/10/09 23:11:06.106, P8, 210 MHz, 405 MHz, 3 %, 18.88 W
2026/10/09 23:11:06.215, P8, 210 MHz, 405 MHz, 3 %, 18.88 W
2026/10/09 23:11:06.324, P8, 210 MHz, 405 MHz, 3 %, 18.82 W
2026/10/09 23:11:06.432, P8, 210 MHz, 405 MHz, 3 %, 18.82 W
2026/10/09 23:11:06.540, P8, 210 MHz, 405 MHz, 3 %, 18.82 W
2026/10/09 23:11:06.650, P8, 210 MHz, 405 MHz, 3 %, 18.82 W
2026/10/09 23:11:06.759, P8, 210 MHz, 405 MHz, 5 %, 18.96 W
2026/10/09 23:11:06.866, P8, 210 MHz, 405 MHz, 5 %, 18.96 W
2026/10/09 23:11:06.973, P8, 210 MHz, 405 MHz, 5 %, 18.96 W
2026/10/09 23:11:07.082, P8, 210 MHz, 405 MHz, 5 %, 18.96 W
2026/10/09 23:11:07.190, P8, 210 MHz, 405 MHz, 5 %, 18.96 W
2026/10/09 23:11:07.299, P8, 210 MHz, 405 MHz, 2 %, 18.83 W
2026/10/09 23:11:07.408, P8, 210 MHz, 405 MHz, 2 %, 18.83 W
2026/10/09 23:11:07.519, P8, 210 MHz, 405 MHz, 2 %, 18.83 W
2026/10/09 23:11:07.628, P8, 210 MHz, 405 MHz, 2 %, 18.83 W
2026/10/09 23:11:07.737, P8, 210 MHz, 405 MHz, 2 %, 18.83 W
2026/10/09 23:11:07.850, P8, 210 MHz, 405 MHz, 3 %, 18.70 W
2026/10/09 23:11:07.957, P8, 210 MHz, 405 MHz, 3 %, 18.70 W
2026/10/09 23:11:08.067, P8, 210 MHz, 405 MHz, 3 %, 18.70 W
2026/10/09 23:11:08.174, P8, 210 MHz, 405 MHz, 3 %, 18.70 W
2026/10/09 23:11:08.282, P2, 1965 MHz, 6801 MHz, 100 %, 48.15 W
2026/10/09 23:11:08.390, P2, 1965 MHz, 6801 MHz, 100 %, 48.15 W
2026/10/09 23:11:08.501, P2, 1965 MHz, 6801 MHz, 100 %, 48.15 W
2026/10/09 23:11:08.612, P2, 1965 MHz, 6801 MHz, 100 %, 48.15 W
2026/10/09 23:11:08.720, P2, 1965 MHz, 6801 MHz, 100 %, 48.15 W
2026/10/09 23:11:08.829, P2, 1995 MHz, 6801 MHz, 84 %, 147.76 W
2026/10/09 23:11:08.937, P2, 1995 MHz, 6801 MHz, 84 %, 147.76 W
2026/10/09 23:11:09.045, P2, 1995 MHz, 6801 MHz, 84 %, 147.76 W
2026/10/09 23:11:09.156, P2, 1995 MHz, 6801 MHz, 84 %, 147.76 W
2026/10/09 23:11:09.264, P2, 1995 MHz, 6801 MHz, 0 %, 171.60 W
2026/10/09 23:11:09.375, P2, 1995 MHz, 6801 MHz, 0 %, 171.60 W
2026/10/09 23:11:09.484, P2, 1995 MHz, 6801 MHz, 0 %, 171.60 W
2026/10/09 23:11:09.592, P2, 1995 MHz, 6801 MHz, 0 %, 171.60 W
2026/10/09 23:11:09.700, P2, 1995 MHz, 6801 MHz, 0 %, 171.60 W
2026/10/09 23:11:09.809, P2, 2010 MHz, 6801 MHz, 0 %, 96.03 W
2026/10/09 23:11:09.919, P2, 2010 MHz, 6801 MHz, 0 %, 96.03 W
2026/10/09 23:11:10.027, P2, 2010 MHz, 6801 MHz, 0 %, 96.03 W
2026/10/09 23:11:10.136, P2, 2010 MHz, 6801 MHz, 0 %, 96.03 W
2026/10/09 23:11:10.246, P2, 2010 MHz, 6801 MHz, 0 %, 96.03 W
2026/10/09 23:11:10.354, P2, 2010 MHz, 6801 MHz, 0 %, 69.74 W
2026/10/09 23:11:10.462, P2, 2010 MHz, 6801 MHz, 0 %, 69.74 W
2026/10/09 23:11:10.571, P2, 2010 MHz, 6801 MHz, 0 %, 69.74 W
2026/10/09 23:11:10.680, P2, 2010 MHz, 6801 MHz, 0 %, 69.74 W
2026/10/09 23:11:10.788, P3, 525 MHz, 5001 MHz, 0 %, 66.91 W
2026/10/09 23:11:10.899, P3, 525 MHz, 5001 MHz, 0 %, 66.91 W
2026/10/09 23:11:11.009, P3, 525 MHz, 5001 MHz, 0 %, 66.91 W
2026/10/09 23:11:11.118, P3, 525 MHz, 5001 MHz, 0 %, 66.91 W
2026/10/09 23:11:11.228, P3, 525 MHz, 5001 MHz, 0 %, 66.91 W
2026/10/09 23:11:11.337, P3, 405 MHz, 5001 MHz, 1 %, 52.58 W
2026/10/09 23:11:11.446, P3, 405 MHz, 5001 MHz, 1 %, 52.58 W
2026/10/09 23:11:11.554, P3, 405 MHz, 5001 MHz, 1 %, 52.58 W
2026/10/09 23:11:11.664, P3, 405 MHz, 5001 MHz, 1 %, 52.58 W
2026/10/09 23:11:11.774, P3, 555 MHz, 5001 MHz, 14 %, 39.11 W
2026/10/09 23:11:11.882, P3, 555 MHz, 5001 MHz, 14 %, 39.11 W
2026/10/09 23:11:11.990, P3, 555 MHz, 5001 MHz, 14 %, 39.11 W
2026/10/09 23:11:12.098, P3, 555 MHz, 5001 MHz, 14 %, 39.11 W
2026/10/09 23:11:12.208, P3, 555 MHz, 5001 MHz, 14 %, 39.11 W
2026/10/09 23:11:12.317, P3, 555 MHz, 5001 MHz, 11 %, 40.10 W
2026/10/09 23:11:12.425, P3, 555 MHz, 5001 MHz, 11 %, 40.10 W
2026/10/09 23:11:12.535, P3, 555 MHz, 5001 MHz, 11 %, 40.10 W
2026/10/09 23:11:12.644, P3, 555 MHz, 5001 MHz, 11 %, 40.10 W
2026/10/09 23:11:12.753, P3, 555 MHz, 5001 MHz, 11 %, 40.10 W
2026/10/09 23:11:12.862, P3, 555 MHz, 5001 MHz, 26 %, 41.03 W
2026/10/09 23:11:12.972, P3, 555 MHz, 5001 MHz, 26 %, 41.03 W
2026/10/09 23:11:13.080, P3, 555 MHz, 5001 MHz, 26 %, 41.03 W
2026/10/09 23:11:13.188, P3, 555 MHz, 5001 MHz, 26 %, 41.03 W
2026/10/09 23:11:13.298, P3, 555 MHz, 5001 MHz, 26 %, 41.16 W
2026/10/09 23:11:13.407, P3, 555 MHz, 5001 MHz, 26 %, 41.16 W
2026/10/09 23:11:13.515, P3, 555 MHz, 5001 MHz, 26 %, 41.16 W
2026/10/09 23:11:13.626, P3, 555 MHz, 5001 MHz, 26 %, 41.16 W
2026/10/09 23:11:13.737, P3, 555 MHz, 5001 MHz, 26 %, 41.16 W
2026/10/09 23:11:13.846, P3, 330 MHz, 5001 MHz, 23 %, 41.16 W
2026/10/09 23:11:13.953, P3, 330 MHz, 5001 MHz, 23 %, 41.16 W
2026/10/09 23:11:14.064, P3, 330 MHz, 5001 MHz, 23 %, 41.16 W
2026/10/09 23:11:14.172, P3, 330 MHz, 5001 MHz, 23 %, 41.16 W
2026/10/09 23:11:14.282, P3, 300 MHz, 5001 MHz, 24 %, 41.15 W
2026/10/09 23:11:14.390, P3, 300 MHz, 5001 MHz, 24 %, 41.15 W
2026/10/09 23:11:14.500, P3, 300 MHz, 5001 MHz, 24 %, 41.15 W
2026/10/09 23:11:14.608, P3, 300 MHz, 5001 MHz, 24 %, 41.15 W
2026/10/09 23:11:14.716, P3, 300 MHz, 5001 MHz, 24 %, 41.15 W
2026/10/09 23:11:14.824, P3, 285 MHz, 5001 MHz, 46 %, 41.55 W
2026/10/09 23:11:14.932, P3, 285 MHz, 5001 MHz, 46 %, 41.55 W
2026/10/09 23:11:15.041, P3, 285 MHz, 5001 MHz, 46 %, 41.55 W
2026/10/09 23:11:15.149, P3, 285 MHz, 5001 MHz, 46 %, 41.55 W
2026/10/09 23:11:15.259, P5, 270 MHz, 810 MHz, 13 %, 38.12 W
2026/10/09 23:11:15.368, P5, 270 MHz, 810 MHz, 13 %, 38.12 W
2026/10/09 23:11:15.476, P5, 270 MHz, 810 MHz, 13 %, 38.12 W
2026/10/09 23:11:15.586, P5, 270 MHz, 810 MHz, 13 %, 38.12 W
2026/10/09 23:11:15.695, P5, 270 MHz, 810 MHz, 13 %, 38.12 W
2026/10/09 23:11:15.803, P5, 225 MHz, 810 MHz, 2 %, 28.09 W
2026/10/09 23:11:15.913, P5, 225 MHz, 810 MHz, 2 %, 28.09 W
2026/10/09 23:11:16.021, P5, 225 MHz, 810 MHz, 2 %, 28.09 W
2026/10/09 23:11:16.130, P5, 225 MHz, 810 MHz, 2 %, 28.09 W
2026/10/09 23:11:16.237, P5, 225 MHz, 810 MHz, 2 %, 28.09 W
2026/10/09 23:11:16.345, P5, 210 MHz, 810 MHz, 1 %, 20.91 W
2026/10/09 23:11:16.452, P5, 210 MHz, 810 MHz, 1 %, 20.91 W
2026/10/09 23:11:16.561, P5, 210 MHz, 810 MHz, 1 %, 20.91 W
2026/10/09 23:11:16.670, P5, 210 MHz, 810 MHz, 1 %, 20.91 W
2026/10/09 23:11:16.776, P5, 210 MHz, 810 MHz, 2 %, 20.25 W
2026/10/09 23:11:16.885, P5, 210 MHz, 810 MHz, 2 %, 20.25 W
2026/10/09 23:11:17.043, P5, 210 MHz, 810 MHz, 2 %, 20.25 W
2026/10/09 23:11:17.150, P5, 210 MHz, 810 MHz, 2 %, 20.25 W
2026/10/09 23:11:17.259, P8, 210 MHz, 405 MHz, 1 %, 19.43 W
2026/10/09 23:11:17.368, P8, 210 MHz, 405 MHz, 1 %, 19.43 W
2026/10/09 23:11:17.476, P8, 210 MHz, 405 MHz, 1 %, 19.43 W
2026/10/09 23:11:17.585, P8, 210 MHz, 405 MHz, 1 %, 19.43 W
2026/10/09 23:11:17.694, P8, 210 MHz, 405 MHz, 1 %, 19.43 W
2026/10/09 23:11:17.804, P8, 210 MHz, 405 MHz, 3 %, 18.73 W
2026/10/09 23:11:17.913, P8, 210 MHz, 405 MHz, 3 %, 18.73 W
2026/10/09 23:11:18.021, P8, 210 MHz, 405 MHz, 3 %, 18.73 W
2026/10/09 23:11:18.131, P8, 210 MHz, 405 MHz, 3 %, 18.73 W
2026/10/09 23:11:18.240, P8, 210 MHz, 405 MHz, 3 %, 18.73 W
2026/10/09 23:11:18.348, P8, 210 MHz, 405 MHz, 3 %, 18.30 W
2026/10/09 23:11:18.457, P8, 210 MHz, 405 MHz, 3 %, 18.30 W
2026/10/09 23:11:18.564, P8, 210 MHz, 405 MHz, 3 %, 18.30 W
2026/10/09 23:11:18.673, P8, 210 MHz, 405 MHz, 3 %, 18.30 W
2026/10/09 23:11:18.782, P8, 210 MHz, 405 MHz, 3 %, 18.22 W
2026/10/09 23:11:18.892, P8, 210 MHz, 405 MHz, 3 %, 18.22 W
2026/10/09 23:11:18.999, P8, 210 MHz, 405 MHz, 3 %, 18.22 W
2026/10/09 23:11:19.107, P8, 210 MHz, 405 MHz, 3 %, 18.22 W
2026/10/09 23:11:19.217, P8, 210 MHz, 405 MHz, 3 %, 18.22 W
2026/10/09 23:11:19.326, P8, 210 MHz, 405 MHz, 2 %, 18.21 W
2026/10/09 23:11:19.435, P8, 210 MHz, 405 MHz, 2 %, 18.21 W
2026/10/09 23:11:19.544, P8, 210 MHz, 405 MHz, 2 %, 18.21 W
2026/10/09 23:11:19.652, P8, 210 MHz, 405 MHz, 2 %, 18.21 W
2026/10/09 23:11:19.758, P8, 210 MHz, 405 MHz, 7 %, 18.30 W
2026/10/09 23:11:19.867, P8, 210 MHz, 405 MHz, 7 %, 18.30 W
2026/10/09 23:11:19.974, P8, 210 MHz, 405 MHz, 7 %, 18.30 W
2026/10/09 23:11:20.084, P8, 210 MHz, 405 MHz, 7 %, 18.30 W
2026/10/09 23:11:20.191, P8, 210 MHz, 405 MHz, 7 %, 18.30 W
2026/10/09 23:11:20.300, P8, 210 MHz, 405 MHz, 3 %, 18.31 W
2026/10/09 23:11:20.410, P8, 210 MHz, 405 MHz, 3 %, 18.31 W
2026/10/09 23:11:20.520, P8, 210 MHz, 405 MHz, 3 %, 18.31 W
2026/10/09 23:11:20.630, P8, 210 MHz, 405 MHz, 3 %, 18.31 W
2026/10/09 23:11:20.739, P8, 210 MHz, 405 MHz, 3 %, 18.31 W
2026/10/09 23:11:20.848, P8, 210 MHz, 405 MHz, 4 %, 18.23 W
2026/10/09 23:11:20.958, P8, 210 MHz, 405 MHz, 4 %, 18.23 W
2026/10/09 23:11:21.067, P8, 210 MHz, 405 MHz, 4 %, 18.23 W
2026/10/09 23:11:21.175, P8, 210 MHz, 405 MHz, 4 %, 18.23 W
2026/10/09 23:11:21.284, P8, 210 MHz, 405 MHz, 1 %, 18.07 W
2026/10/09 23:11:21.394, P8, 210 MHz, 405 MHz, 1 %, 18.07 W
2026/10/09 23:11:21.503, P8, 210 MHz, 405 MHz, 1 %, 18.07 W
2026/10/09 23:11:21.610, P8, 210 MHz, 405 MHz, 1 %, 18.07 W
2026/10/09 23:11:21.719, P8, 210 MHz, 405 MHz, 1 %, 18.07 W
2026/10/09 23:11:21.830, P8, 210 MHz, 405 MHz, 4 %, 18.30 W
2026/10/09 23:11:21.940, P8, 210 MHz, 405 MHz, 4 %, 18.30 W
2026/10/09 23:11:22.049, P8, 210 MHz, 405 MHz, 4 %, 18.30 W
2026/10/09 23:11:22.156, P8, 210 MHz, 405 MHz, 4 %, 18.30 W
2026/10/09 23:11:22.264, P8, 210 MHz, 405 MHz, 1 %, 18.16 W
2026/10/09 23:11:22.374, P8, 210 MHz, 405 MHz, 1 %, 18.16 W
2026/10/09 23:11:22.484, P8, 210 MHz, 405 MHz, 1 %, 18.16 W
2026/10/09 23:11:22.594, P8, 210 MHz, 405 MHz, 1 %, 18.16 W
2026/10/09 23:11:22.702, P8, 210 MHz, 405 MHz, 1 %, 18.16 W
2026/10/09 23:11:22.810, P8, 210 MHz, 405 MHz, 1 %, 18.04 W
2026/10/09 23:11:22.919, P8, 210 MHz, 405 MHz, 1 %, 18.04 W
2026/10/09 23:11:23.028, P8, 210 MHz, 405 MHz, 1 %, 18.04 W
2026/10/09 23:11:23.138, P8, 210 MHz, 405 MHz, 1 %, 18.04 W
2026/10/09 23:11:23.245, P8, 210 MHz, 405 MHz, 1 %, 18.04 W
2026/10/09 23:11:23.354, P8, 210 MHz, 405 MHz, 3 %, 18.39 W
2026/10/09 23:11:23.463, P8, 210 MHz, 405 MHz, 3 %, 18.39 W
2026/10/09 23:11:23.571, P8, 210 MHz, 405 MHz, 3 %, 18.39 W
2026/10/09 23:11:23.680, P8, 210 MHz, 405 MHz, 3 %, 18.39 W
